/*
SQLyog Community v13.0.1 (64 bit)
MySQL - 5.7.20-log : Database - renren_security
*********************************************************************
*/

/*!40101 SET NAMES utf8 */;

/*!40101 SET SQL_MODE=''*/;

/*!40014 SET @OLD_UNIQUE_CHECKS=@@UNIQUE_CHECKS, UNIQUE_CHECKS=0 */;
/*!40014 SET @OLD_FOREIGN_KEY_CHECKS=@@FOREIGN_KEY_CHECKS, FOREIGN_KEY_CHECKS=0 */;
/*!40101 SET @OLD_SQL_MODE=@@SQL_MODE, SQL_MODE='NO_AUTO_VALUE_ON_ZERO' */;
/*!40111 SET @OLD_SQL_NOTES=@@SQL_NOTES, SQL_NOTES=0 */;
CREATE DATABASE /*!32312 IF NOT EXISTS*/`renren_security` /*!40100 DEFAULT CHARACTER SET utf8 */;

USE `renren_security`;

/*Table structure for table `qrtz_blob_triggers` */

DROP TABLE IF EXISTS `qrtz_blob_triggers`;

CREATE TABLE `qrtz_blob_triggers` (
  `SCHED_NAME` varchar(120) NOT NULL,
  `TRIGGER_NAME` varchar(200) NOT NULL,
  `TRIGGER_GROUP` varchar(200) NOT NULL,
  `BLOB_DATA` blob,
  PRIMARY KEY (`SCHED_NAME`,`TRIGGER_NAME`,`TRIGGER_GROUP`),
  KEY `SCHED_NAME` (`SCHED_NAME`,`TRIGGER_NAME`,`TRIGGER_GROUP`),
  CONSTRAINT `qrtz_blob_triggers_ibfk_1` FOREIGN KEY (`SCHED_NAME`, `TRIGGER_NAME`, `TRIGGER_GROUP`) REFERENCES `qrtz_triggers` (`SCHED_NAME`, `TRIGGER_NAME`, `TRIGGER_GROUP`)
) ENGINE=InnoDB DEFAULT CHARSET=utf8;

/*Data for the table `qrtz_blob_triggers` */

/*Table structure for table `qrtz_calendars` */

DROP TABLE IF EXISTS `qrtz_calendars`;

CREATE TABLE `qrtz_calendars` (
  `SCHED_NAME` varchar(120) NOT NULL,
  `CALENDAR_NAME` varchar(200) NOT NULL,
  `CALENDAR` blob NOT NULL,
  PRIMARY KEY (`SCHED_NAME`,`CALENDAR_NAME`)
) ENGINE=InnoDB DEFAULT CHARSET=utf8;

/*Data for the table `qrtz_calendars` */

/*Table structure for table `qrtz_cron_triggers` */

DROP TABLE IF EXISTS `qrtz_cron_triggers`;

CREATE TABLE `qrtz_cron_triggers` (
  `SCHED_NAME` varchar(120) NOT NULL,
  `TRIGGER_NAME` varchar(200) NOT NULL,
  `TRIGGER_GROUP` varchar(200) NOT NULL,
  `CRON_EXPRESSION` varchar(120) NOT NULL,
  `TIME_ZONE_ID` varchar(80) DEFAULT NULL,
  PRIMARY KEY (`SCHED_NAME`,`TRIGGER_NAME`,`TRIGGER_GROUP`),
  CONSTRAINT `qrtz_cron_triggers_ibfk_1` FOREIGN KEY (`SCHED_NAME`, `TRIGGER_NAME`, `TRIGGER_GROUP`) REFERENCES `qrtz_triggers` (`SCHED_NAME`, `TRIGGER_NAME`, `TRIGGER_GROUP`)
) ENGINE=InnoDB DEFAULT CHARSET=utf8;

/*Data for the table `qrtz_cron_triggers` */

insert  into `qrtz_cron_triggers`(`SCHED_NAME`,`TRIGGER_NAME`,`TRIGGER_GROUP`,`CRON_EXPRESSION`,`TIME_ZONE_ID`) values 
('RenrenScheduler','TASK_1','DEFAULT','0 0/30 * * * ?','Asia/Shanghai'),
('RenrenScheduler','TASK_2','DEFAULT','0 0/30 * * * ?','Asia/Shanghai');

/*Table structure for table `qrtz_fired_triggers` */

DROP TABLE IF EXISTS `qrtz_fired_triggers`;

CREATE TABLE `qrtz_fired_triggers` (
  `SCHED_NAME` varchar(120) NOT NULL,
  `ENTRY_ID` varchar(95) NOT NULL,
  `TRIGGER_NAME` varchar(200) NOT NULL,
  `TRIGGER_GROUP` varchar(200) NOT NULL,
  `INSTANCE_NAME` varchar(200) NOT NULL,
  `FIRED_TIME` bigint(13) NOT NULL,
  `SCHED_TIME` bigint(13) NOT NULL,
  `PRIORITY` int(11) NOT NULL,
  `STATE` varchar(16) NOT NULL,
  `JOB_NAME` varchar(200) DEFAULT NULL,
  `JOB_GROUP` varchar(200) DEFAULT NULL,
  `IS_NONCONCURRENT` varchar(1) DEFAULT NULL,
  `REQUESTS_RECOVERY` varchar(1) DEFAULT NULL,
  PRIMARY KEY (`SCHED_NAME`,`ENTRY_ID`),
  KEY `IDX_QRTZ_FT_TRIG_INST_NAME` (`SCHED_NAME`,`INSTANCE_NAME`),
  KEY `IDX_QRTZ_FT_INST_JOB_REQ_RCVRY` (`SCHED_NAME`,`INSTANCE_NAME`,`REQUESTS_RECOVERY`),
  KEY `IDX_QRTZ_FT_J_G` (`SCHED_NAME`,`JOB_NAME`,`JOB_GROUP`),
  KEY `IDX_QRTZ_FT_JG` (`SCHED_NAME`,`JOB_GROUP`),
  KEY `IDX_QRTZ_FT_T_G` (`SCHED_NAME`,`TRIGGER_NAME`,`TRIGGER_GROUP`),
  KEY `IDX_QRTZ_FT_TG` (`SCHED_NAME`,`TRIGGER_GROUP`)
) ENGINE=InnoDB DEFAULT CHARSET=utf8;

/*Data for the table `qrtz_fired_triggers` */

/*Table structure for table `qrtz_job_details` */

DROP TABLE IF EXISTS `qrtz_job_details`;

CREATE TABLE `qrtz_job_details` (
  `SCHED_NAME` varchar(120) NOT NULL,
  `JOB_NAME` varchar(200) NOT NULL,
  `JOB_GROUP` varchar(200) NOT NULL,
  `DESCRIPTION` varchar(250) DEFAULT NULL,
  `JOB_CLASS_NAME` varchar(250) NOT NULL,
  `IS_DURABLE` varchar(1) NOT NULL,
  `IS_NONCONCURRENT` varchar(1) NOT NULL,
  `IS_UPDATE_DATA` varchar(1) NOT NULL,
  `REQUESTS_RECOVERY` varchar(1) NOT NULL,
  `JOB_DATA` blob,
  PRIMARY KEY (`SCHED_NAME`,`JOB_NAME`,`JOB_GROUP`),
  KEY `IDX_QRTZ_J_REQ_RECOVERY` (`SCHED_NAME`,`REQUESTS_RECOVERY`),
  KEY `IDX_QRTZ_J_GRP` (`SCHED_NAME`,`JOB_GROUP`)
) ENGINE=InnoDB DEFAULT CHARSET=utf8;

/*Data for the table `qrtz_job_details` */

insert  into `qrtz_job_details`(`SCHED_NAME`,`JOB_NAME`,`JOB_GROUP`,`DESCRIPTION`,`JOB_CLASS_NAME`,`IS_DURABLE`,`IS_NONCONCURRENT`,`IS_UPDATE_DATA`,`REQUESTS_RECOVERY`,`JOB_DATA`) values 
('RenrenScheduler','TASK_1','DEFAULT',NULL,'io.renren.modules.job.utils.ScheduleJob','0','0','0','0','¬í\0sr\0org.quartz.JobDataMapŸ°ƒè¿©°Ë\0\0xr\0&org.quartz.utils.StringKeyDirtyFlagMap‚èÃûÅ](\0Z\0allowsTransientDataxr\0org.quartz.utils.DirtyFlagMapæ.­(v\nÎ\0Z\0dirtyL\0mapt\0Ljava/util/Map;xpsr\0java.util.HashMapÚÁÃ`Ñ\0F\0\nloadFactorI\0	thresholdxp?@\0\0\0\0\0w\0\0\0\0\0\0t\0\rJOB_PARAM_KEYsr\0.io.renren.modules.job.entity.ScheduleJobEntity\0\0\0\0\0\0\0\0L\0beanNamet\0Ljava/lang/String;L\0\ncreateTimet\0Ljava/util/Date;L\0cronExpressionq\0~\0	L\0jobIdt\0Ljava/lang/Long;L\0\nmethodNameq\0~\0	L\0paramsq\0~\0	L\0remarkq\0~\0	L\0statust\0Ljava/lang/Integer;xpt\0testTasksr\0java.util.DatehjKYt\0\0xpw\0\0Xºõ“0xt\00 0/30 * * * ?sr\0java.lang.Long;‹äÌ#ß\0J\0valuexr\0java.lang.Number†¬•”à‹\0\0xp\0\0\0\0\0\0\0t\0testt\0renrent\0æœ‰å‚æ•°æµ‹è¯•sr\0java.lang.Integerâ ¤÷‡8\0I\0valuexq\0~\0\0\0\0\0x\0'),
('RenrenScheduler','TASK_2','DEFAULT',NULL,'io.renren.modules.job.utils.ScheduleJob','0','0','0','0','¬í\0sr\0org.quartz.JobDataMapŸ°ƒè¿©°Ë\0\0xr\0&org.quartz.utils.StringKeyDirtyFlagMap‚èÃûÅ](\0Z\0allowsTransientDataxr\0org.quartz.utils.DirtyFlagMapæ.­(v\nÎ\0Z\0dirtyL\0mapt\0Ljava/util/Map;xpsr\0java.util.HashMapÚÁÃ`Ñ\0F\0\nloadFactorI\0	thresholdxp?@\0\0\0\0\0w\0\0\0\0\0\0t\0\rJOB_PARAM_KEYsr\0.io.renren.modules.job.entity.ScheduleJobEntity\0\0\0\0\0\0\0\0L\0beanNamet\0Ljava/lang/String;L\0\ncreateTimet\0Ljava/util/Date;L\0cronExpressionq\0~\0	L\0jobIdt\0Ljava/lang/Long;L\0\nmethodNameq\0~\0	L\0paramsq\0~\0	L\0remarkq\0~\0	L\0statust\0Ljava/lang/Integer;xpt\0testTasksr\0java.util.DatehjKYt\0\0xpw\0\0XÃwÄ`xt\00 0/30 * * * ?sr\0java.lang.Long;‹äÌ#ß\0J\0valuexr\0java.lang.Number†¬•”à‹\0\0xp\0\0\0\0\0\0\0t\0test2pt\0æ— å‚æ•°æµ‹è¯•sr\0java.lang.Integerâ ¤÷‡8\0I\0valuexq\0~\0\0\0\0x\0');

/*Table structure for table `qrtz_locks` */

DROP TABLE IF EXISTS `qrtz_locks`;

CREATE TABLE `qrtz_locks` (
  `SCHED_NAME` varchar(120) NOT NULL,
  `LOCK_NAME` varchar(40) NOT NULL,
  PRIMARY KEY (`SCHED_NAME`,`LOCK_NAME`)
) ENGINE=InnoDB DEFAULT CHARSET=utf8;

/*Data for the table `qrtz_locks` */

insert  into `qrtz_locks`(`SCHED_NAME`,`LOCK_NAME`) values 
('RenrenScheduler','STATE_ACCESS'),
('RenrenScheduler','TRIGGER_ACCESS');

/*Table structure for table `qrtz_paused_trigger_grps` */

DROP TABLE IF EXISTS `qrtz_paused_trigger_grps`;

CREATE TABLE `qrtz_paused_trigger_grps` (
  `SCHED_NAME` varchar(120) NOT NULL,
  `TRIGGER_GROUP` varchar(200) NOT NULL,
  PRIMARY KEY (`SCHED_NAME`,`TRIGGER_GROUP`)
) ENGINE=InnoDB DEFAULT CHARSET=utf8;

/*Data for the table `qrtz_paused_trigger_grps` */

/*Table structure for table `qrtz_scheduler_state` */

DROP TABLE IF EXISTS `qrtz_scheduler_state`;

CREATE TABLE `qrtz_scheduler_state` (
  `SCHED_NAME` varchar(120) NOT NULL,
  `INSTANCE_NAME` varchar(200) NOT NULL,
  `LAST_CHECKIN_TIME` bigint(13) NOT NULL,
  `CHECKIN_INTERVAL` bigint(13) NOT NULL,
  PRIMARY KEY (`SCHED_NAME`,`INSTANCE_NAME`)
) ENGINE=InnoDB DEFAULT CHARSET=utf8;

/*Data for the table `qrtz_scheduler_state` */

insert  into `qrtz_scheduler_state`(`SCHED_NAME`,`INSTANCE_NAME`,`LAST_CHECKIN_TIME`,`CHECKIN_INTERVAL`) values 
('RenrenScheduler','zhoujy-PC1527514036194',1527514328220,15000);

/*Table structure for table `qrtz_simple_triggers` */

DROP TABLE IF EXISTS `qrtz_simple_triggers`;

CREATE TABLE `qrtz_simple_triggers` (
  `SCHED_NAME` varchar(120) NOT NULL,
  `TRIGGER_NAME` varchar(200) NOT NULL,
  `TRIGGER_GROUP` varchar(200) NOT NULL,
  `REPEAT_COUNT` bigint(7) NOT NULL,
  `REPEAT_INTERVAL` bigint(12) NOT NULL,
  `TIMES_TRIGGERED` bigint(10) NOT NULL,
  PRIMARY KEY (`SCHED_NAME`,`TRIGGER_NAME`,`TRIGGER_GROUP`),
  CONSTRAINT `qrtz_simple_triggers_ibfk_1` FOREIGN KEY (`SCHED_NAME`, `TRIGGER_NAME`, `TRIGGER_GROUP`) REFERENCES `qrtz_triggers` (`SCHED_NAME`, `TRIGGER_NAME`, `TRIGGER_GROUP`)
) ENGINE=InnoDB DEFAULT CHARSET=utf8;

/*Data for the table `qrtz_simple_triggers` */

/*Table structure for table `qrtz_simprop_triggers` */

DROP TABLE IF EXISTS `qrtz_simprop_triggers`;

CREATE TABLE `qrtz_simprop_triggers` (
  `SCHED_NAME` varchar(120) NOT NULL,
  `TRIGGER_NAME` varchar(200) NOT NULL,
  `TRIGGER_GROUP` varchar(200) NOT NULL,
  `STR_PROP_1` varchar(512) DEFAULT NULL,
  `STR_PROP_2` varchar(512) DEFAULT NULL,
  `STR_PROP_3` varchar(512) DEFAULT NULL,
  `INT_PROP_1` int(11) DEFAULT NULL,
  `INT_PROP_2` int(11) DEFAULT NULL,
  `LONG_PROP_1` bigint(20) DEFAULT NULL,
  `LONG_PROP_2` bigint(20) DEFAULT NULL,
  `DEC_PROP_1` decimal(13,4) DEFAULT NULL,
  `DEC_PROP_2` decimal(13,4) DEFAULT NULL,
  `BOOL_PROP_1` varchar(1) DEFAULT NULL,
  `BOOL_PROP_2` varchar(1) DEFAULT NULL,
  PRIMARY KEY (`SCHED_NAME`,`TRIGGER_NAME`,`TRIGGER_GROUP`),
  CONSTRAINT `qrtz_simprop_triggers_ibfk_1` FOREIGN KEY (`SCHED_NAME`, `TRIGGER_NAME`, `TRIGGER_GROUP`) REFERENCES `qrtz_triggers` (`SCHED_NAME`, `TRIGGER_NAME`, `TRIGGER_GROUP`)
) ENGINE=InnoDB DEFAULT CHARSET=utf8;

/*Data for the table `qrtz_simprop_triggers` */

/*Table structure for table `qrtz_triggers` */

DROP TABLE IF EXISTS `qrtz_triggers`;

CREATE TABLE `qrtz_triggers` (
  `SCHED_NAME` varchar(120) NOT NULL,
  `TRIGGER_NAME` varchar(200) NOT NULL,
  `TRIGGER_GROUP` varchar(200) NOT NULL,
  `JOB_NAME` varchar(200) NOT NULL,
  `JOB_GROUP` varchar(200) NOT NULL,
  `DESCRIPTION` varchar(250) DEFAULT NULL,
  `NEXT_FIRE_TIME` bigint(13) DEFAULT NULL,
  `PREV_FIRE_TIME` bigint(13) DEFAULT NULL,
  `PRIORITY` int(11) DEFAULT NULL,
  `TRIGGER_STATE` varchar(16) NOT NULL,
  `TRIGGER_TYPE` varchar(8) NOT NULL,
  `START_TIME` bigint(13) NOT NULL,
  `END_TIME` bigint(13) DEFAULT NULL,
  `CALENDAR_NAME` varchar(200) DEFAULT NULL,
  `MISFIRE_INSTR` smallint(2) DEFAULT NULL,
  `JOB_DATA` blob,
  PRIMARY KEY (`SCHED_NAME`,`TRIGGER_NAME`,`TRIGGER_GROUP`),
  KEY `IDX_QRTZ_T_J` (`SCHED_NAME`,`JOB_NAME`,`JOB_GROUP`),
  KEY `IDX_QRTZ_T_JG` (`SCHED_NAME`,`JOB_GROUP`),
  KEY `IDX_QRTZ_T_C` (`SCHED_NAME`,`CALENDAR_NAME`),
  KEY `IDX_QRTZ_T_G` (`SCHED_NAME`,`TRIGGER_GROUP`),
  KEY `IDX_QRTZ_T_STATE` (`SCHED_NAME`,`TRIGGER_STATE`),
  KEY `IDX_QRTZ_T_N_STATE` (`SCHED_NAME`,`TRIGGER_NAME`,`TRIGGER_GROUP`,`TRIGGER_STATE`),
  KEY `IDX_QRTZ_T_N_G_STATE` (`SCHED_NAME`,`TRIGGER_GROUP`,`TRIGGER_STATE`),
  KEY `IDX_QRTZ_T_NEXT_FIRE_TIME` (`SCHED_NAME`,`NEXT_FIRE_TIME`),
  KEY `IDX_QRTZ_T_NFT_ST` (`SCHED_NAME`,`TRIGGER_STATE`,`NEXT_FIRE_TIME`),
  KEY `IDX_QRTZ_T_NFT_MISFIRE` (`SCHED_NAME`,`MISFIRE_INSTR`,`NEXT_FIRE_TIME`),
  KEY `IDX_QRTZ_T_NFT_ST_MISFIRE` (`SCHED_NAME`,`MISFIRE_INSTR`,`NEXT_FIRE_TIME`,`TRIGGER_STATE`),
  KEY `IDX_QRTZ_T_NFT_ST_MISFIRE_GRP` (`SCHED_NAME`,`MISFIRE_INSTR`,`NEXT_FIRE_TIME`,`TRIGGER_GROUP`,`TRIGGER_STATE`),
  CONSTRAINT `qrtz_triggers_ibfk_1` FOREIGN KEY (`SCHED_NAME`, `JOB_NAME`, `JOB_GROUP`) REFERENCES `qrtz_job_details` (`SCHED_NAME`, `JOB_NAME`, `JOB_GROUP`)
) ENGINE=InnoDB DEFAULT CHARSET=utf8;

/*Data for the table `qrtz_triggers` */

insert  into `qrtz_triggers`(`SCHED_NAME`,`TRIGGER_NAME`,`TRIGGER_GROUP`,`JOB_NAME`,`JOB_GROUP`,`DESCRIPTION`,`NEXT_FIRE_TIME`,`PREV_FIRE_TIME`,`PRIORITY`,`TRIGGER_STATE`,`TRIGGER_TYPE`,`START_TIME`,`END_TIME`,`CALENDAR_NAME`,`MISFIRE_INSTR`,`JOB_DATA`) values 
('RenrenScheduler','TASK_1','DEFAULT','TASK_1','DEFAULT',NULL,1527516000000,1527514200000,5,'WAITING','CRON',1524745035000,0,NULL,2,'¬í\0sr\0org.quartz.JobDataMapŸ°ƒè¿©°Ë\0\0xr\0&org.quartz.utils.StringKeyDirtyFlagMap‚èÃûÅ](\0Z\0allowsTransientDataxr\0org.quartz.utils.DirtyFlagMapæ.­(v\nÎ\0Z\0dirtyL\0mapt\0Ljava/util/Map;xpsr\0java.util.HashMapÚÁÃ`Ñ\0F\0\nloadFactorI\0	thresholdxp?@\0\0\0\0\0w\0\0\0\0\0\0t\0\rJOB_PARAM_KEYsr\0.io.renren.modules.job.entity.ScheduleJobEntity\0\0\0\0\0\0\0\0L\0beanNamet\0Ljava/lang/String;L\0\ncreateTimet\0Ljava/util/Date;L\0cronExpressionq\0~\0	L\0jobIdt\0Ljava/lang/Long;L\0\nmethodNameq\0~\0	L\0paramsq\0~\0	L\0remarkq\0~\0	L\0statust\0Ljava/lang/Integer;xpt\0testTasksr\0java.util.DatehjKYt\0\0xpw\0\0Xºõ“0xt\00 0/30 * * * ?sr\0java.lang.Long;‹äÌ#ß\0J\0valuexr\0java.lang.Number†¬•”à‹\0\0xp\0\0\0\0\0\0\0t\0testt\0renrent\0æœ‰å‚æ•°æµ‹è¯•sr\0java.lang.Integerâ ¤÷‡8\0I\0valuexq\0~\0\0\0\0\0x\0'),
('RenrenScheduler','TASK_2','DEFAULT','TASK_2','DEFAULT',NULL,1527516000000,1527514200000,5,'WAITING','CRON',1524745035000,0,NULL,2,'¬í\0sr\0org.quartz.JobDataMapŸ°ƒè¿©°Ë\0\0xr\0&org.quartz.utils.StringKeyDirtyFlagMap‚èÃûÅ](\0Z\0allowsTransientDataxr\0org.quartz.utils.DirtyFlagMapæ.­(v\nÎ\0Z\0dirtyL\0mapt\0Ljava/util/Map;xpsr\0java.util.HashMapÚÁÃ`Ñ\0F\0\nloadFactorI\0	thresholdxp?@\0\0\0\0\0w\0\0\0\0\0\0t\0\rJOB_PARAM_KEYsr\0.io.renren.modules.job.entity.ScheduleJobEntity\0\0\0\0\0\0\0\0L\0beanNamet\0Ljava/lang/String;L\0\ncreateTimet\0Ljava/util/Date;L\0cronExpressionq\0~\0	L\0jobIdt\0Ljava/lang/Long;L\0\nmethodNameq\0~\0	L\0paramsq\0~\0	L\0remarkq\0~\0	L\0statust\0Ljava/lang/Integer;xpt\0testTasksr\0java.util.DatehjKYt\0\0xpw\0\0XÃwÄ`xt\00 0/30 * * * ?sr\0java.lang.Long;‹äÌ#ß\0J\0valuexr\0java.lang.Number†¬•”à‹\0\0xp\0\0\0\0\0\0\0t\0test2pt\0æ— å‚æ•°æµ‹è¯•sr\0java.lang.Integerâ ¤÷‡8\0I\0valuexq\0~\0\0\0\0\0x\0');

/*Table structure for table `schedule_job` */

DROP TABLE IF EXISTS `schedule_job`;

CREATE TABLE `schedule_job` (
  `job_id` bigint(20) NOT NULL AUTO_INCREMENT COMMENT 'ä»»åŠ¡id',
  `bean_name` varchar(200) DEFAULT NULL COMMENT 'spring beanåç§°',
  `method_name` varchar(100) DEFAULT NULL COMMENT 'æ–¹æ³•å',
  `params` varchar(2000) DEFAULT NULL COMMENT 'å‚æ•°',
  `cron_expression` varchar(100) DEFAULT NULL COMMENT 'cronè¡¨è¾¾å¼',
  `status` tinyint(4) DEFAULT NULL COMMENT 'ä»»åŠ¡çŠ¶æ€  0ï¼šæ­£å¸¸  1ï¼šæš‚åœ',
  `remark` varchar(255) DEFAULT NULL COMMENT 'å¤‡æ³¨',
  `create_time` datetime DEFAULT NULL COMMENT 'åˆ›å»ºæ—¶é—´',
  PRIMARY KEY (`job_id`)
) ENGINE=InnoDB AUTO_INCREMENT=3 DEFAULT CHARSET=utf8 COMMENT='å®šæ—¶ä»»åŠ¡';

/*Data for the table `schedule_job` */

insert  into `schedule_job`(`job_id`,`bean_name`,`method_name`,`params`,`cron_expression`,`status`,`remark`,`create_time`) values 
(1,'testTask','test','renren','0 0/30 * * * ?',0,'æœ‰å‚æ•°æµ‹è¯•','2016-12-01 23:16:46'),
(2,'testTask','test2',NULL,'0 0/30 * * * ?',0,'æ— å‚æ•°æµ‹è¯•','2016-12-03 14:55:56');

/*Table structure for table `schedule_job_log` */

DROP TABLE IF EXISTS `schedule_job_log`;

CREATE TABLE `schedule_job_log` (
  `log_id` bigint(20) NOT NULL AUTO_INCREMENT COMMENT 'ä»»åŠ¡æ—¥å¿—id',
  `job_id` bigint(20) NOT NULL COMMENT 'ä»»åŠ¡id',
  `bean_name` varchar(200) DEFAULT NULL COMMENT 'spring beanåç§°',
  `method_name` varchar(100) DEFAULT NULL COMMENT 'æ–¹æ³•å',
  `params` varchar(2000) DEFAULT NULL COMMENT 'å‚æ•°',
  `status` tinyint(4) NOT NULL COMMENT 'ä»»åŠ¡çŠ¶æ€    0ï¼šæˆåŠŸ    1ï¼šå¤±è´¥',
  `error` varchar(2000) DEFAULT NULL COMMENT 'å¤±è´¥ä¿¡æ¯',
  `times` int(11) NOT NULL COMMENT 'è€—æ—¶(å•ä½ï¼šæ¯«ç§’)',
  `create_time` datetime DEFAULT NULL COMMENT 'åˆ›å»ºæ—¶é—´',
  PRIMARY KEY (`log_id`),
  KEY `job_id` (`job_id`)
) ENGINE=InnoDB AUTO_INCREMENT=84 DEFAULT CHARSET=utf8 COMMENT='å®šæ—¶ä»»åŠ¡æ—¥å¿—';

/*Data for the table `schedule_job_log` */

insert  into `schedule_job_log`(`log_id`,`job_id`,`bean_name`,`method_name`,`params`,`status`,`error`,`times`,`create_time`) values 
(1,1,'testTask','test','renren',0,NULL,1014,'2018-04-26 20:30:00'),
(2,1,'testTask','test','renren',0,NULL,1014,'2018-04-26 21:00:00'),
(3,1,'testTask','test','renren',0,NULL,1050,'2018-05-05 18:00:00'),
(4,1,'testTask','test','renren',0,NULL,1006,'2018-05-05 18:30:00'),
(5,1,'testTask','test','renren',0,NULL,1005,'2018-05-05 19:00:00'),
(6,1,'testTask','test','renren',0,NULL,1018,'2018-05-05 20:00:00'),
(7,1,'testTask','test','renren',0,NULL,1015,'2018-05-06 17:30:00'),
(8,1,'testTask','test','renren',0,NULL,1010,'2018-05-06 18:00:00'),
(9,1,'testTask','test','renren',0,NULL,1006,'2018-05-06 18:30:00'),
(10,1,'testTask','test','renren',0,NULL,1028,'2018-05-06 19:00:00'),
(11,2,'testTask','test2',NULL,0,NULL,1,'2018-05-06 19:14:08'),
(12,2,'testTask','test2',NULL,0,NULL,0,'2018-05-06 19:30:00'),
(13,1,'testTask','test','renren',0,NULL,1012,'2018-05-06 19:30:00'),
(14,2,'testTask','test2',NULL,0,NULL,1,'2018-05-06 20:00:00'),
(15,1,'testTask','test','renren',0,NULL,1046,'2018-05-06 20:00:00'),
(16,2,'testTask','test2',NULL,0,NULL,1,'2018-05-08 10:00:00'),
(17,1,'testTask','test','renren',0,NULL,1017,'2018-05-08 10:00:00'),
(18,2,'testTask','test2',NULL,0,NULL,1,'2018-05-08 10:30:00'),
(19,1,'testTask','test','renren',0,NULL,1004,'2018-05-08 10:30:00'),
(20,2,'testTask','test2',NULL,0,NULL,1,'2018-05-08 11:00:00'),
(21,1,'testTask','test','renren',0,NULL,1053,'2018-05-08 11:00:00'),
(22,2,'testTask','test2',NULL,0,NULL,1,'2018-05-08 12:30:00'),
(23,1,'testTask','test','renren',0,NULL,1017,'2018-05-08 12:30:00'),
(24,2,'testTask','test2',NULL,0,NULL,0,'2018-05-08 13:00:00'),
(25,1,'testTask','test','renren',0,NULL,1018,'2018-05-08 13:00:00'),
(26,2,'testTask','test2',NULL,0,NULL,1,'2018-05-08 14:00:00'),
(27,1,'testTask','test','renren',0,NULL,1097,'2018-05-08 14:00:00'),
(28,2,'testTask','test2',NULL,0,NULL,1,'2018-05-08 14:30:00'),
(29,1,'testTask','test','renren',0,NULL,1038,'2018-05-08 14:30:00'),
(30,2,'testTask','test2',NULL,0,NULL,2,'2018-05-08 15:00:00'),
(31,1,'testTask','test','renren',0,NULL,1012,'2018-05-08 15:00:00'),
(32,2,'testTask','test2',NULL,0,NULL,1,'2018-05-08 16:00:00'),
(33,1,'testTask','test','renren',0,NULL,1055,'2018-05-08 16:00:00'),
(34,2,'testTask','test2',NULL,0,NULL,1,'2018-05-09 09:00:00'),
(35,1,'testTask','test','renren',0,NULL,1018,'2018-05-09 09:00:00'),
(36,2,'testTask','test2',NULL,0,NULL,2,'2018-05-09 09:30:00'),
(37,1,'testTask','test','renren',0,NULL,1021,'2018-05-09 09:30:00'),
(38,2,'testTask','test2',NULL,0,NULL,0,'2018-05-09 11:00:00'),
(39,1,'testTask','test','renren',0,NULL,1008,'2018-05-09 11:00:00'),
(40,2,'testTask','test2',NULL,0,NULL,1,'2018-05-09 11:30:02'),
(41,1,'testTask','test','renren',0,NULL,1217,'2018-05-09 11:30:02'),
(42,2,'testTask','test2',NULL,0,NULL,0,'2018-05-09 12:00:00'),
(43,1,'testTask','test','renren',0,NULL,1064,'2018-05-09 12:00:00'),
(44,2,'testTask','test2',NULL,0,NULL,1,'2018-05-09 12:30:00'),
(45,1,'testTask','test','renren',0,NULL,1032,'2018-05-09 12:30:00'),
(46,2,'testTask','test2',NULL,0,NULL,1,'2018-05-09 13:00:00'),
(47,1,'testTask','test','renren',0,NULL,1003,'2018-05-09 13:00:00'),
(48,2,'testTask','test2',NULL,0,NULL,2,'2018-05-09 13:30:00'),
(49,1,'testTask','test','renren',0,NULL,1015,'2018-05-09 13:30:00'),
(50,2,'testTask','test2',NULL,0,NULL,1,'2018-05-09 14:00:00'),
(51,1,'testTask','test','renren',0,NULL,1028,'2018-05-09 14:00:00'),
(52,2,'testTask','test2',NULL,0,NULL,1,'2018-05-09 14:30:00'),
(53,1,'testTask','test','renren',0,NULL,1005,'2018-05-09 14:30:00'),
(54,2,'testTask','test2',NULL,0,NULL,1,'2018-05-12 09:00:00'),
(55,1,'testTask','test','renren',0,NULL,1017,'2018-05-12 09:00:00'),
(56,2,'testTask','test2',NULL,0,NULL,9,'2018-05-12 09:30:00'),
(57,1,'testTask','test','renren',0,NULL,1037,'2018-05-12 09:30:00'),
(58,2,'testTask','test2',NULL,0,NULL,3,'2018-05-12 10:00:00'),
(59,1,'testTask','test','renren',0,NULL,1048,'2018-05-12 10:00:00'),
(60,2,'testTask','test2',NULL,0,NULL,1,'2018-05-12 15:30:00'),
(61,1,'testTask','test','renren',0,NULL,1026,'2018-05-12 15:30:00'),
(62,2,'testTask','test2',NULL,0,NULL,18,'2018-05-12 16:00:00'),
(63,1,'testTask','test','renren',0,NULL,1037,'2018-05-12 16:00:00'),
(64,2,'testTask','test2',NULL,0,NULL,1,'2018-05-12 20:00:00'),
(65,1,'testTask','test','renren',0,NULL,1022,'2018-05-12 20:00:00'),
(66,2,'testTask','test2',NULL,0,NULL,2,'2018-05-13 13:30:00'),
(67,1,'testTask','test','renren',0,NULL,1029,'2018-05-13 13:30:00'),
(68,2,'testTask','test2',NULL,0,NULL,7,'2018-05-13 15:00:00'),
(69,1,'testTask','test','renren',0,NULL,1039,'2018-05-13 15:00:00'),
(70,2,'testTask','test2',NULL,0,NULL,5,'2018-05-13 15:30:00'),
(71,1,'testTask','test','renren',0,NULL,1030,'2018-05-13 15:30:00'),
(72,2,'testTask','test2',NULL,0,NULL,5,'2018-05-27 14:30:00'),
(73,1,'testTask','test','renren',0,NULL,1078,'2018-05-27 14:30:00'),
(74,2,'testTask','test2',NULL,0,NULL,15,'2018-05-27 15:00:00'),
(75,1,'testTask','test','renren',0,NULL,1050,'2018-05-27 15:00:00'),
(76,2,'testTask','test2',NULL,0,NULL,2,'2018-05-27 15:30:00'),
(77,1,'testTask','test','renren',0,NULL,1012,'2018-05-27 15:30:00'),
(78,2,'testTask','test2',NULL,0,NULL,1,'2018-05-27 16:00:00'),
(79,1,'testTask','test','renren',0,NULL,1020,'2018-05-27 16:00:00'),
(80,2,'testTask','test2',NULL,0,NULL,1,'2018-05-28 21:00:00'),
(81,1,'testTask','test','renren',0,NULL,1021,'2018-05-28 21:00:00'),
(82,2,'testTask','test2',NULL,0,NULL,1,'2018-05-28 21:30:00'),
(83,1,'testTask','test','renren',0,NULL,1043,'2018-05-28 21:30:00');

/*Table structure for table `sys_config` */

DROP TABLE IF EXISTS `sys_config`;

CREATE TABLE `sys_config` (
  `id` bigint(20) NOT NULL AUTO_INCREMENT,
  `param_key` varchar(50) DEFAULT NULL COMMENT 'key',
  `param_value` varchar(2000) DEFAULT NULL COMMENT 'value',
  `status` tinyint(4) DEFAULT '1' COMMENT 'çŠ¶æ€   0ï¼šéšè—   1ï¼šæ˜¾ç¤º',
  `remark` varchar(500) DEFAULT NULL COMMENT 'å¤‡æ³¨',
  PRIMARY KEY (`id`),
  UNIQUE KEY `param_key` (`param_key`)
) ENGINE=InnoDB AUTO_INCREMENT=2 DEFAULT CHARSET=utf8 COMMENT='ç³»ç»Ÿé…ç½®ä¿¡æ¯è¡¨';

/*Data for the table `sys_config` */

insert  into `sys_config`(`id`,`param_key`,`param_value`,`status`,`remark`) values 
(1,'CLOUD_STORAGE_CONFIG_KEY','{\"aliyunAccessKeyId\":\"\",\"aliyunAccessKeySecret\":\"\",\"aliyunBucketName\":\"\",\"aliyunDomain\":\"\",\"aliyunEndPoint\":\"\",\"aliyunPrefix\":\"\",\"qcloudBucketName\":\"\",\"qcloudDomain\":\"\",\"qcloudPrefix\":\"\",\"qcloudSecretId\":\"\",\"qcloudSecretKey\":\"\",\"qiniuAccessKey\":\"NrgMfABZxWLo5B-YYSjoE8-AZ1EISdi1Z3ubLOeZ\",\"qiniuBucketName\":\"ios-app\",\"qiniuDomain\":\"http://7xqbwh.dl1.z0.glb.clouddn.com\",\"qiniuPrefix\":\"upload\",\"qiniuSecretKey\":\"uIwJHevMRWU0VLxFvgy0tAcOdGqasdtVlJkdy6vV\",\"type\":1}',0,'äº‘å­˜å‚¨é…ç½®ä¿¡æ¯');

/*Table structure for table `sys_dept` */

DROP TABLE IF EXISTS `sys_dept`;

CREATE TABLE `sys_dept` (
  `dept_id` bigint(20) NOT NULL AUTO_INCREMENT,
  `parent_id` bigint(20) DEFAULT NULL COMMENT 'ä¸Šçº§éƒ¨é—¨IDï¼Œä¸€çº§éƒ¨é—¨ä¸º0',
  `name` varchar(50) DEFAULT NULL COMMENT 'éƒ¨é—¨åç§°',
  `order_num` int(11) DEFAULT NULL COMMENT 'æ’åº',
  `del_flag` tinyint(4) DEFAULT '0' COMMENT 'æ˜¯å¦åˆ é™¤  -1ï¼šå·²åˆ é™¤  0ï¼šæ­£å¸¸',
  PRIMARY KEY (`dept_id`)
) ENGINE=InnoDB AUTO_INCREMENT=7 DEFAULT CHARSET=utf8 COMMENT='éƒ¨é—¨ç®¡ç†';

/*Data for the table `sys_dept` */

insert  into `sys_dept`(`dept_id`,`parent_id`,`name`,`order_num`,`del_flag`) values 
(1,0,'äººäººå¼€æºé›†å›¢',0,0),
(2,1,'é•¿æ²™åˆ†å…¬å¸',1,0),
(3,1,'ä¸Šæµ·åˆ†å…¬å¸',2,0),
(4,3,'æŠ€æœ¯éƒ¨',0,0),
(5,3,'é”€å”®éƒ¨',1,0),
(6,4,'è½¯ä»¶ç ”å‘ä¸€éƒ¨',0,0);

/*Table structure for table `sys_dict` */

DROP TABLE IF EXISTS `sys_dict`;

CREATE TABLE `sys_dict` (
  `id` bigint(20) NOT NULL AUTO_INCREMENT,
  `name` varchar(100) NOT NULL COMMENT 'å­—å…¸åç§°',
  `type` varchar(100) NOT NULL COMMENT 'å­—å…¸ç±»å‹',
  `code` varchar(100) NOT NULL COMMENT 'å­—å…¸ç ',
  `value` varchar(1000) NOT NULL COMMENT 'å­—å…¸å€¼',
  `order_num` int(11) DEFAULT '0' COMMENT 'æ’åº',
  `remark` varchar(255) DEFAULT NULL COMMENT 'å¤‡æ³¨',
  `del_flag` tinyint(4) DEFAULT '0' COMMENT 'åˆ é™¤æ ‡è®°  -1ï¼šå·²åˆ é™¤  0ï¼šæ­£å¸¸',
  PRIMARY KEY (`id`),
  UNIQUE KEY `type` (`type`,`code`)
) ENGINE=InnoDB AUTO_INCREMENT=21 DEFAULT CHARSET=utf8 COMMENT='æ•°æ®å­—å…¸è¡¨';

/*Data for the table `sys_dict` */

insert  into `sys_dict`(`id`,`name`,`type`,`code`,`value`,`order_num`,`remark`,`del_flag`) values 
(1,'æ€§åˆ«','sex','0','å¥³',0,NULL,0),
(2,'æ€§åˆ«','sex','1','ç”·',1,NULL,0),
(3,'æ€§åˆ«','sex','2','æœªçŸ¥',3,NULL,0),
(4,'æ°‘æ—','mz','1','æ±‰æ—',1,NULL,0),
(5,'æ°‘æ—','mz','2','æ»¡æ—',2,NULL,0),
(6,'æ°‘æ—','mz','3','æœé²œæ—',3,NULL,0),
(7,'åœ°åŒº','area','1','æ²ˆé˜³',0,NULL,0),
(8,'åœ°åŒº','area','2','å¤§è¿',1,NULL,0),
(9,'åœ°åŒº','area','3','ä¸¹ä¸œ',2,NULL,0),
(13,'æ–°é—»ç±»å‹','xwlx','1','ç§‘æŠ€',1,NULL,0),
(14,'æ–°é—»ç±»å‹','xwlx','2','æ‰‹æœº',2,NULL,0),
(15,'æ–°é—»ç±»å‹','xwlx','3','å†›äº‹',3,NULL,0),
(16,'æ–°é—»ç±»å‹','xwlx','4','å¤´æ¡',4,NULL,0),
(17,'æ–°é—»ç±»å‹','xwlx','5','æœ¬åœ°',5,NULL,0),
(18,'è­¦è¡”','jx','1','ä¸‰çº§è­¦ç£',1,NULL,0),
(19,'è­¦è¡”','jx','2','ä¸‰çº§è­¦ç›‘',2,NULL,0),
(20,'è­¦è¡”','jx','3','ä¸€çº§è­¦å¸',3,NULL,0);

/*Table structure for table `sys_log` */

DROP TABLE IF EXISTS `sys_log`;

CREATE TABLE `sys_log` (
  `id` bigint(20) NOT NULL AUTO_INCREMENT,
  `username` varchar(50) DEFAULT NULL COMMENT 'ç”¨æˆ·å',
  `operation` varchar(50) DEFAULT NULL COMMENT 'ç”¨æˆ·æ“ä½œ',
  `method` varchar(200) DEFAULT NULL COMMENT 'è¯·æ±‚æ–¹æ³•',
  `params` varchar(5000) DEFAULT NULL COMMENT 'è¯·æ±‚å‚æ•°',
  `time` bigint(20) NOT NULL COMMENT 'æ‰§è¡Œæ—¶é•¿(æ¯«ç§’)',
  `ip` varchar(64) DEFAULT NULL COMMENT 'IPåœ°å€',
  `create_date` datetime DEFAULT NULL COMMENT 'åˆ›å»ºæ—¶é—´',
  PRIMARY KEY (`id`)
) ENGINE=InnoDB AUTO_INCREMENT=38 DEFAULT CHARSET=utf8 COMMENT='ç³»ç»Ÿæ—¥å¿—';

/*Data for the table `sys_log` */

insert  into `sys_log`(`id`,`username`,`operation`,`method`,`params`,`time`,`ip`,`create_date`) values 
(1,'admin','ä¿å­˜èœå•','io.renren.modules.sys.controller.SysMenuController.save()','{\"menuId\":41,\"parentId\":0,\"parentName\":\"ä¸€çº§èœå•\",\"name\":\"äººå‘˜ç®¡ç†\",\"type\":0,\"orderNum\":0}',19,'0:0:0:0:0:0:0:1','2018-04-26 20:20:39'),
(2,'admin','ä¿å­˜èœå•','io.renren.modules.sys.controller.SysMenuController.save()','{\"menuId\":42,\"parentId\":0,\"parentName\":\"ä¸€çº§èœå•\",\"name\":\"äººå‘˜ç®¡ç†\",\"url\":\"user\",\"type\":1,\"orderNum\":0}',6,'0:0:0:0:0:0:0:1','2018-04-26 20:25:55'),
(3,'admin','ä¿®æ”¹èœå•','io.renren.modules.sys.controller.SysMenuController.update()','{\"menuId\":42,\"parentId\":41,\"parentName\":\"äººå‘˜ç®¡ç†\",\"name\":\"äººå‘˜ç®¡ç†\",\"url\":\"user\",\"type\":1,\"orderNum\":0}',9,'0:0:0:0:0:0:0:1','2018-04-26 20:26:08'),
(4,'admin','ä¿®æ”¹èœå•','io.renren.modules.sys.controller.SysMenuController.update()','{\"menuId\":41,\"parentId\":0,\"parentName\":\"ä¸€çº§èœå•\",\"name\":\"æŠ¥åç®¡ç†\",\"type\":0,\"orderNum\":0}',6,'0:0:0:0:0:0:0:1','2018-04-26 20:29:36'),
(5,'admin','ä¿®æ”¹èœå•','io.renren.modules.sys.controller.SysMenuController.update()','{\"menuId\":42,\"parentId\":41,\"parentName\":\"æŠ¥åç®¡ç†\",\"name\":\"æŠ¥åäººå‘˜ç®¡ç†\",\"url\":\"modules/person/person.html\",\"type\":1,\"orderNum\":0}',6,'0:0:0:0:0:0:0:1','2018-04-26 20:30:08'),
(6,'admin','ä¿®æ”¹èœå•','io.renren.modules.sys.controller.SysMenuController.update()','{\"menuId\":1,\"parentId\":0,\"parentName\":\"ä¸€çº§èœå•\",\"name\":\"ç³»ç»Ÿç®¡ç†\",\"type\":0,\"icon\":\"fa-user-circle-o\",\"orderNum\":0}',7,'0:0:0:0:0:0:0:1','2018-04-26 20:31:30'),
(7,'admin','ä¿®æ”¹èœå•','io.renren.modules.sys.controller.SysMenuController.update()','{\"menuId\":1,\"parentId\":0,\"parentName\":\"ä¸€çº§èœå•\",\"name\":\"ç³»ç»Ÿç®¡ç†\",\"type\":0,\"icon\":\"fa fa-cog\",\"orderNum\":0}',14,'0:0:0:0:0:0:0:1','2018-04-26 20:33:05'),
(8,'admin','ä¿®æ”¹èœå•','io.renren.modules.sys.controller.SysMenuController.update()','{\"menuId\":41,\"parentId\":0,\"parentName\":\"ä¸€çº§èœå•\",\"name\":\"æŠ¥åç®¡ç†\",\"type\":0,\"icon\":\"fa fa-address-card\",\"orderNum\":0}',7,'0:0:0:0:0:0:0:1','2018-04-26 20:33:55'),
(9,'admin','ä¿®æ”¹èœå•','io.renren.modules.sys.controller.SysMenuController.update()','{\"menuId\":42,\"parentId\":41,\"parentName\":\"æŠ¥åç®¡ç†\",\"name\":\"æŠ¥åäººå‘˜ç®¡ç†\",\"url\":\"modules/person/person.html\",\"type\":1,\"icon\":\"fa fa-handshake-o\",\"orderNum\":0}',6,'0:0:0:0:0:0:0:1','2018-04-26 20:35:05'),
(10,'admin','åˆ é™¤èœå•','io.renren.modules.sys.controller.SysMenuController.delete()','43',2,'0:0:0:0:0:0:0:1','2018-04-26 20:48:11'),
(11,'admin','åˆ é™¤èœå•','io.renren.modules.sys.controller.SysMenuController.delete()','43',2,'0:0:0:0:0:0:0:1','2018-04-26 20:48:33'),
(12,'admin','ä¿®æ”¹èœå•','io.renren.modules.sys.controller.SysMenuController.update()','{\"menuId\":43,\"parentId\":41,\"parentName\":\"æŠ¥åç®¡ç†\",\"name\":\"äººå‘˜ç®¡ç†\",\"url\":\"modules/sys/person.html\",\"type\":1,\"icon\":\"fa fa-file-code-o\",\"orderNum\":1}',13,'0:0:0:0:0:0:0:1','2018-04-26 20:49:18'),
(13,'admin','åˆ é™¤èœå•','io.renren.modules.sys.controller.SysMenuController.delete()','42',26,'0:0:0:0:0:0:0:1','2018-04-26 20:49:27'),
(14,'admin','æ¢å¤å®šæ—¶ä»»åŠ¡','io.renren.modules.job.controller.ScheduleJobController.resume()','[2]',21,'0:0:0:0:0:0:0:1','2018-05-06 19:13:57'),
(15,'admin','ç«‹å³æ‰§è¡Œä»»åŠ¡','io.renren.modules.job.controller.ScheduleJobController.run()','[2]',33,'0:0:0:0:0:0:0:1','2018-05-06 19:14:08'),
(16,'admin','ä¿å­˜ç”¨æˆ·','io.renren.modules.sys.controller.SysUserController.save()','{\"userId\":2,\"username\":\"zhoujy\",\"password\":\"4ed1a4c1b20b8e143f29b4a8896a4246f0e4d9daf8d3e32a04d802de57741ff9\",\"salt\":\"DVNV1SDQEBCFMf4V4pmc\",\"email\":\"zhoujunyi-110@163.com\",\"mobile\":\"18698677940\",\"status\":1,\"roleIdList\":[],\"createTime\":\"May 9, 2018 10:35:47 AM\",\"deptId\":4,\"deptName\":\"æŠ€æœ¯éƒ¨\"}',193,'0:0:0:0:0:0:0:1','2018-05-09 10:35:48'),
(17,'admin','ä¿å­˜è§’è‰²','io.renren.modules.sys.controller.SysRoleController.save()','{\"roleId\":1,\"roleName\":\"å¼€å‘è€…\",\"remark\":\"æµ‹è¯•\",\"deptId\":4,\"deptName\":\"æŠ€æœ¯éƒ¨\",\"menuIdList\":[1,36,37,38,39,40,41,43,44,45,46,47],\"deptIdList\":[4],\"createTime\":\"May 9, 2018 10:36:43 AM\"}',147,'0:0:0:0:0:0:0:1','2018-05-09 10:36:44'),
(18,'admin','ä¿®æ”¹ç”¨æˆ·','io.renren.modules.sys.controller.SysUserController.update()','{\"userId\":2,\"username\":\"zhoujy\",\"salt\":\"DVNV1SDQEBCFMf4V4pmc\",\"email\":\"zhoujunyi-110@163.com\",\"mobile\":\"18698677940\",\"status\":1,\"roleIdList\":[1],\"createTime\":\"May 9, 2018 10:35:48 AM\",\"deptId\":4,\"deptName\":\"æŠ€æœ¯éƒ¨\"}',48,'0:0:0:0:0:0:0:1','2018-05-09 10:38:02'),
(19,'admin','ä¿å­˜ç”¨æˆ·','io.renren.modules.sys.controller.SysUserController.save()','{\"userId\":3,\"username\":\"test\",\"password\":\"d867061a2293d7a4cda6f272cbe168954f8de672d857214b4c9694fdf2ed0c2f\",\"salt\":\"d35Qqb0HrSuMTnnzjeK4\",\"email\":\"test@163.com\",\"mobile\":\"15942868366\",\"status\":1,\"roleIdList\":[],\"createTime\":\"May 9, 2018 10:58:36 AM\",\"deptId\":5,\"deptName\":\"é”€å”®éƒ¨\"}',29,'0:0:0:0:0:0:0:1','2018-05-09 10:58:37'),
(20,'admin','ä¿å­˜ç”¨æˆ·','io.renren.modules.sys.controller.SysUserController.save()','{\"userId\":4,\"username\":\"liss\",\"password\":\"122d07f4bcf274bfb165c19f074ad5185622869de74a9d692e98891ddd8195bd\",\"salt\":\"1tm7pmByTQThag0cQ3om\",\"email\":\"55@163.com\",\"mobile\":\"s\",\"status\":1,\"roleIdList\":[],\"createTime\":\"May 9, 2018 10:59:08 AM\",\"deptId\":3,\"deptName\":\"ä¸Šæµ·åˆ†å…¬å¸\"}',51,'0:0:0:0:0:0:0:1','2018-05-09 10:59:08'),
(21,'admin','åˆ é™¤ç”¨æˆ·','io.renren.modules.sys.controller.SysUserController.delete()','[4]',84,'0:0:0:0:0:0:0:1','2018-05-09 11:01:59'),
(22,'admin','ä¿®æ”¹ç”¨æˆ·','io.renren.modules.sys.controller.SysUserController.update()','{\"userId\":1,\"username\":\"admin\",\"salt\":\"YzcmCZNvbXocrsz9dm8e\",\"email\":\"root@renren.io\",\"mobile\":\"13612345678\",\"status\":1,\"roleIdList\":[],\"createTime\":\"Nov 11, 2016 11:11:11 AM\",\"deptId\":1,\"deptName\":\"äººäººå¼€æºé›†å›¢\"}',128,'0:0:0:0:0:0:0:1','2018-05-13 15:00:35'),
(23,'admin','ä¿®æ”¹ç”¨æˆ·','io.renren.modules.sys.controller.SysUserController.update()','{\"userId\":2,\"username\":\"zhoujy\",\"salt\":\"DVNV1SDQEBCFMf4V4pmc\",\"email\":\"zhoujunyi-110@163.com\",\"mobile\":\"18698677940\",\"status\":1,\"roleIdList\":[1],\"createTime\":\"May 9, 2018 10:35:48 AM\",\"deptId\":4,\"deptName\":\"æŠ€æœ¯éƒ¨\"}',19,'0:0:0:0:0:0:0:1','2018-05-13 15:00:43'),
(24,'admin','ä¿®æ”¹ç”¨æˆ·','io.renren.modules.sys.controller.SysUserController.update()','{\"userId\":2,\"username\":\"zhoujy\",\"password\":\"c81d449a8f3e4fd635a014ff5b5070b68bd239876ed50010295e256528443d9b\",\"salt\":\"DVNV1SDQEBCFMf4V4pmc\",\"email\":\"zhoujunyi-110@163.com\",\"mobile\":\"18698677940\",\"status\":1,\"roleIdList\":[1],\"createTime\":\"May 9, 2018 10:35:48 AM\",\"deptId\":4,\"deptName\":\"æŠ€æœ¯éƒ¨\"}',14,'0:0:0:0:0:0:0:1','2018-05-13 15:02:02'),
(25,'admin','ä¿®æ”¹ç”¨æˆ·','io.renren.modules.sys.controller.SysUserController.update()','{\"userId\":2,\"username\":\"zhoujy\",\"salt\":\"DVNV1SDQEBCFMf4V4pmc\",\"email\":\"zhoujunyi-110@163.com\",\"mobile\":\"18698677940\",\"status\":1,\"roleIdList\":[1],\"createTime\":\"May 9, 2018 10:35:48 AM\",\"deptId\":4,\"deptName\":\"æŠ€æœ¯éƒ¨\"}',33644,'0:0:0:0:0:0:0:1','2018-05-13 15:15:08'),
(26,'admin','ä¿®æ”¹ç”¨æˆ·','io.renren.modules.sys.controller.SysUserController.update()','{\"userId\":2,\"username\":\"zhoujy\",\"salt\":\"DVNV1SDQEBCFMf4V4pmc\",\"email\":\"zhoujunyi-110@163.com\",\"mobile\":\"18698677940\",\"status\":1,\"roleIdList\":[1],\"createTime\":\"May 9, 2018 10:35:48 AM\",\"deptId\":4,\"deptName\":\"æŠ€æœ¯éƒ¨\"}',36547,'0:0:0:0:0:0:0:1','2018-05-13 15:16:32'),
(27,'admin','ä¿å­˜ç”¨æˆ·','io.renren.modules.sys.controller.SysUserController.save()','{\"userId\":5,\"username\":\"root\",\"password\":\"eb518fb922684c1b8b88c0a26dc0cc20af96dd70b817e1cd401f3cbdabb8a1a2\",\"salt\":\"iC9z47JVG6841nhiHbqH\",\"email\":\"zhoujy3016@hotmail.com\",\"mobile\":\"15942869369\",\"status\":1,\"roleIdList\":[],\"createTime\":\"May 13, 2018 3:20:05 PM\",\"deptId\":5,\"deptName\":\"é”€å”®éƒ¨\"}',12,'0:0:0:0:0:0:0:1','2018-05-13 15:20:05'),
(28,'admin','ä¿å­˜è§’è‰²','io.renren.modules.sys.controller.SysRoleController.save()','{\"roleId\":2,\"roleName\":\"é”€å”®éƒ¨ç®¡ç†å‘˜\",\"deptId\":5,\"deptName\":\"é”€å”®éƒ¨\",\"menuIdList\":[1,5,6,7,8,9,10,11,12,13,14,36,37,38,39,40,41,43,44,45,46,47],\"deptIdList\":[5],\"createTime\":\"May 13, 2018 3:20:50 PM\"}',58,'0:0:0:0:0:0:0:1','2018-05-13 15:20:51'),
(29,'admin','ä¿®æ”¹ç”¨æˆ·','io.renren.modules.sys.controller.SysUserController.update()','{\"userId\":5,\"username\":\"root\",\"salt\":\"iC9z47JVG6841nhiHbqH\",\"email\":\"zhoujy3016@hotmail.com\",\"mobile\":\"15942869369\",\"status\":1,\"roleIdList\":[2],\"createTime\":\"May 13, 2018 3:20:05 PM\",\"deptId\":5,\"deptName\":\"é”€å”®éƒ¨\"}',4428,'0:0:0:0:0:0:0:1','2018-05-13 15:21:01'),
(30,'admin','ä¿å­˜èœå•','io.renren.modules.sys.controller.SysMenuController.save()','{\"menuId\":48,\"parentId\":2,\"parentName\":\"ç®¡ç†å‘˜ç®¡ç†\",\"name\":\"å¯†ç é‡ç½®\",\"type\":2,\"orderNum\":0}',13,'0:0:0:0:0:0:0:1','2018-05-13 15:24:50'),
(31,'admin','ä¿®æ”¹èœå•','io.renren.modules.sys.controller.SysMenuController.update()','{\"menuId\":48,\"parentId\":2,\"parentName\":\"ç®¡ç†å‘˜ç®¡ç†\",\"name\":\"å¯†ç é‡ç½®\",\"perms\":\"sys:user:psdreset\",\"type\":2,\"orderNum\":0}',12,'0:0:0:0:0:0:0:1','2018-05-13 15:25:51'),
(32,'admin','é‡ç½®å¯†ç ','io.renren.modules.sys.controller.SysUserController.passwordReset()','[1,5,2]',2842,'0:0:0:0:0:0:0:1','2018-05-13 15:46:53'),
(33,'admin','é‡ç½®å¯†ç ','io.renren.modules.sys.controller.SysUserController.passwordReset()','[1,2,5]',2,'0:0:0:0:0:0:0:1','2018-05-13 16:07:49'),
(34,'admin','é‡ç½®å¯†ç ','io.renren.modules.sys.controller.SysUserController.passwordReset()','[2,5]',20,'0:0:0:0:0:0:0:1','2018-05-13 16:07:53'),
(35,'admin','é‡ç½®å¯†ç ','io.renren.modules.sys.controller.SysUserController.passwordReset()','[2,5]',13,'0:0:0:0:0:0:0:1','2018-05-13 16:08:14'),
(36,'admin','é‡ç½®å¯†ç ','io.renren.modules.sys.controller.SysUserController.passwordReset()','[2,5]',9,'0:0:0:0:0:0:0:1','2018-05-13 16:11:18'),
(37,'admin','ä¿å­˜èœå•','io.renren.modules.sys.controller.SysMenuController.save()','{\"menuId\":49,\"parentId\":41,\"parentName\":\"æŠ¥åç®¡ç†\",\"name\":\"ä¿¡æ¯å‘å¸ƒ\",\"url\":\"modules/sys/tblinfo.html\",\"type\":1,\"icon\":\"fa fa-file-code-o\",\"orderNum\":0}',21,'0:0:0:0:0:0:0:1','2018-05-27 14:13:41');

/*Table structure for table `sys_menu` */

DROP TABLE IF EXISTS `sys_menu`;

CREATE TABLE `sys_menu` (
  `menu_id` bigint(20) NOT NULL AUTO_INCREMENT,
  `parent_id` bigint(20) DEFAULT NULL COMMENT 'çˆ¶èœå•IDï¼Œä¸€çº§èœå•ä¸º0',
  `name` varchar(50) DEFAULT NULL COMMENT 'èœå•åç§°',
  `url` varchar(200) DEFAULT NULL COMMENT 'èœå•URL',
  `perms` varchar(500) DEFAULT NULL COMMENT 'æˆæƒ(å¤šä¸ªç”¨é€—å·åˆ†éš”ï¼Œå¦‚ï¼šuser:list,user:create)',
  `type` int(11) DEFAULT NULL COMMENT 'ç±»å‹   0ï¼šç›®å½•   1ï¼šèœå•   2ï¼šæŒ‰é’®',
  `icon` varchar(50) DEFAULT NULL COMMENT 'èœå•å›¾æ ‡',
  `order_num` int(11) DEFAULT NULL COMMENT 'æ’åº',
  PRIMARY KEY (`menu_id`)
) ENGINE=InnoDB AUTO_INCREMENT=55 DEFAULT CHARSET=utf8 COMMENT='èœå•ç®¡ç†';

/*Data for the table `sys_menu` */

insert  into `sys_menu`(`menu_id`,`parent_id`,`name`,`url`,`perms`,`type`,`icon`,`order_num`) values 
(1,0,'ç³»ç»Ÿç®¡ç†',NULL,NULL,0,'fa fa-cog',0),
(2,1,'ç®¡ç†å‘˜ç®¡ç†','modules/sys/user.html',NULL,1,'fa fa-user',1),
(3,1,'è§’è‰²ç®¡ç†','modules/sys/role.html',NULL,1,'fa fa-user-secret',2),
(4,1,'èœå•ç®¡ç†','modules/sys/menu.html',NULL,1,'fa fa-th-list',3),
(5,1,'SQLç›‘æ§','druid/sql.html',NULL,1,'fa fa-bug',4),
(6,1,'å®šæ—¶ä»»åŠ¡','modules/job/schedule.html',NULL,1,'fa fa-tasks',5),
(7,6,'æŸ¥çœ‹',NULL,'sys:schedule:list,sys:schedule:info',2,NULL,0),
(8,6,'æ–°å¢',NULL,'sys:schedule:save',2,NULL,0),
(9,6,'ä¿®æ”¹',NULL,'sys:schedule:update',2,NULL,0),
(10,6,'åˆ é™¤',NULL,'sys:schedule:delete',2,NULL,0),
(11,6,'æš‚åœ',NULL,'sys:schedule:pause',2,NULL,0),
(12,6,'æ¢å¤',NULL,'sys:schedule:resume',2,NULL,0),
(13,6,'ç«‹å³æ‰§è¡Œ',NULL,'sys:schedule:run',2,NULL,0),
(14,6,'æ—¥å¿—åˆ—è¡¨',NULL,'sys:schedule:log',2,NULL,0),
(15,2,'æŸ¥çœ‹',NULL,'sys:user:list,sys:user:info',2,NULL,0),
(16,2,'æ–°å¢',NULL,'sys:user:save,sys:role:select',2,NULL,0),
(17,2,'ä¿®æ”¹',NULL,'sys:user:update,sys:role:select',2,NULL,0),
(18,2,'åˆ é™¤',NULL,'sys:user:delete',2,NULL,0),
(19,3,'æŸ¥çœ‹',NULL,'sys:role:list,sys:role:info',2,NULL,0),
(20,3,'æ–°å¢',NULL,'sys:role:save,sys:menu:perms',2,NULL,0),
(21,3,'ä¿®æ”¹',NULL,'sys:role:update,sys:menu:perms',2,NULL,0),
(22,3,'åˆ é™¤',NULL,'sys:role:delete',2,NULL,0),
(23,4,'æŸ¥çœ‹',NULL,'sys:menu:list,sys:menu:info',2,NULL,0),
(24,4,'æ–°å¢',NULL,'sys:menu:save,sys:menu:select',2,NULL,0),
(25,4,'ä¿®æ”¹',NULL,'sys:menu:update,sys:menu:select',2,NULL,0),
(26,4,'åˆ é™¤',NULL,'sys:menu:delete',2,NULL,0),
(27,1,'å‚æ•°ç®¡ç†','modules/sys/config.html','sys:config:list,sys:config:info,sys:config:save,sys:config:update,sys:config:delete',1,'fa fa-sun-o',6),
(29,1,'ç³»ç»Ÿæ—¥å¿—','modules/sys/log.html','sys:log:list',1,'fa fa-file-text-o',7),
(30,1,'æ–‡ä»¶ä¸Šä¼ ','modules/oss/oss.html','sys:oss:all',1,'fa fa-file-image-o',6),
(31,1,'éƒ¨é—¨ç®¡ç†','modules/sys/dept.html',NULL,1,'fa fa-file-code-o',1),
(32,31,'æŸ¥çœ‹',NULL,'sys:dept:list,sys:dept:info',2,NULL,0),
(33,31,'æ–°å¢',NULL,'sys:dept:save,sys:dept:select',2,NULL,0),
(34,31,'ä¿®æ”¹',NULL,'sys:dept:update,sys:dept:select',2,NULL,0),
(35,31,'åˆ é™¤',NULL,'sys:dept:delete',2,NULL,0),
(36,1,'å­—å…¸ç®¡ç†','modules/sys/dict.html',NULL,1,'fa fa-bookmark-o',6),
(37,36,'æŸ¥çœ‹',NULL,'sys:dict:list,sys:dict:info',2,NULL,6),
(38,36,'æ–°å¢',NULL,'sys:dict:save',2,NULL,6),
(39,36,'ä¿®æ”¹',NULL,'sys:dict:update',2,NULL,6),
(40,36,'åˆ é™¤',NULL,'sys:dict:delete',2,NULL,6),
(41,0,'æŠ¥åç®¡ç†',NULL,NULL,0,'fa fa-address-card',0),
(43,41,'äººå‘˜ç®¡ç†','modules/sys/tblperson.html',NULL,1,'fa fa-file-code-o',1),
(44,43,'æŸ¥çœ‹',NULL,'sys:tblperson:list,sys:tblperson:info',2,NULL,6),
(45,43,'æ–°å¢',NULL,'sys:tblperson:save',2,NULL,6),
(46,43,'ä¿®æ”¹',NULL,'sys:tblperson:update',2,NULL,6),
(47,43,'åˆ é™¤',NULL,'sys:tblperson:delete',2,NULL,6),
(48,2,'å¯†ç é‡ç½®',NULL,'sys:user:psdreset',2,NULL,0),
(50,41,'ä¿¡æ¯ç®¡ç†','modules/sys/tblinfo.html',NULL,1,'fa fa-file-code-o',6),
(51,50,'æŸ¥çœ‹',NULL,'sys:tblinfo:list,sys:tblinfo:info',2,NULL,6),
(52,50,'æ–°å¢',NULL,'sys:tblinfo:save',2,NULL,6),
(53,50,'ä¿®æ”¹',NULL,'sys:tblinfo:update',2,NULL,6),
(54,50,'åˆ é™¤',NULL,'sys:tblinfo:delete',2,NULL,6);

/*Table structure for table `sys_oss` */

DROP TABLE IF EXISTS `sys_oss`;

CREATE TABLE `sys_oss` (
  `id` bigint(20) NOT NULL AUTO_INCREMENT,
  `url` varchar(200) DEFAULT NULL COMMENT 'URLåœ°å€',
  `create_date` datetime DEFAULT NULL COMMENT 'åˆ›å»ºæ—¶é—´',
  PRIMARY KEY (`id`)
) ENGINE=InnoDB DEFAULT CHARSET=utf8 COMMENT='æ–‡ä»¶ä¸Šä¼ ';

/*Data for the table `sys_oss` */

/*Table structure for table `sys_role` */

DROP TABLE IF EXISTS `sys_role`;

CREATE TABLE `sys_role` (
  `role_id` bigint(20) NOT NULL AUTO_INCREMENT,
  `role_name` varchar(100) DEFAULT NULL COMMENT 'è§’è‰²åç§°',
  `remark` varchar(100) DEFAULT NULL COMMENT 'å¤‡æ³¨',
  `dept_id` bigint(20) DEFAULT NULL COMMENT 'éƒ¨é—¨ID',
  `create_time` datetime DEFAULT NULL COMMENT 'åˆ›å»ºæ—¶é—´',
  PRIMARY KEY (`role_id`)
) ENGINE=InnoDB AUTO_INCREMENT=3 DEFAULT CHARSET=utf8 COMMENT='è§’è‰²';

/*Data for the table `sys_role` */

insert  into `sys_role`(`role_id`,`role_name`,`remark`,`dept_id`,`create_time`) values 
(1,'å¼€å‘è€…','æµ‹è¯•',4,'2018-05-09 10:36:43'),
(2,'é”€å”®éƒ¨ç®¡ç†å‘˜',NULL,5,'2018-05-13 15:20:51');

/*Table structure for table `sys_role_dept` */

DROP TABLE IF EXISTS `sys_role_dept`;

CREATE TABLE `sys_role_dept` (
  `id` bigint(20) NOT NULL AUTO_INCREMENT,
  `role_id` bigint(20) DEFAULT NULL COMMENT 'è§’è‰²ID',
  `dept_id` bigint(20) DEFAULT NULL COMMENT 'éƒ¨é—¨ID',
  PRIMARY KEY (`id`)
) ENGINE=InnoDB AUTO_INCREMENT=3 DEFAULT CHARSET=utf8 COMMENT='è§’è‰²ä¸éƒ¨é—¨å¯¹åº”å…³ç³»';

/*Data for the table `sys_role_dept` */

insert  into `sys_role_dept`(`id`,`role_id`,`dept_id`) values 
(1,1,4),
(2,2,5);

/*Table structure for table `sys_role_menu` */

DROP TABLE IF EXISTS `sys_role_menu`;

CREATE TABLE `sys_role_menu` (
  `id` bigint(20) NOT NULL AUTO_INCREMENT,
  `role_id` bigint(20) DEFAULT NULL COMMENT 'è§’è‰²ID',
  `menu_id` bigint(20) DEFAULT NULL COMMENT 'èœå•ID',
  PRIMARY KEY (`id`)
) ENGINE=InnoDB AUTO_INCREMENT=35 DEFAULT CHARSET=utf8 COMMENT='è§’è‰²ä¸èœå•å¯¹åº”å…³ç³»';

/*Data for the table `sys_role_menu` */

insert  into `sys_role_menu`(`id`,`role_id`,`menu_id`) values 
(1,1,1),
(2,1,36),
(3,1,37),
(4,1,38),
(5,1,39),
(6,1,40),
(7,1,41),
(8,1,43),
(9,1,44),
(10,1,45),
(11,1,46),
(12,1,47),
(13,2,1),
(14,2,5),
(15,2,6),
(16,2,7),
(17,2,8),
(18,2,9),
(19,2,10),
(20,2,11),
(21,2,12),
(22,2,13),
(23,2,14),
(24,2,36),
(25,2,37),
(26,2,38),
(27,2,39),
(28,2,40),
(29,2,41),
(30,2,43),
(31,2,44),
(32,2,45),
(33,2,46),
(34,2,47);

/*Table structure for table `sys_user` */

DROP TABLE IF EXISTS `sys_user`;

CREATE TABLE `sys_user` (
  `user_id` bigint(20) NOT NULL AUTO_INCREMENT,
  `username` varchar(50) NOT NULL COMMENT 'ç”¨æˆ·å',
  `password` varchar(100) DEFAULT NULL COMMENT 'å¯†ç ',
  `salt` varchar(20) DEFAULT NULL COMMENT 'ç›',
  `email` varchar(100) DEFAULT NULL COMMENT 'é‚®ç®±',
  `mobile` varchar(100) DEFAULT NULL COMMENT 'æ‰‹æœºå·',
  `status` tinyint(4) DEFAULT NULL COMMENT 'çŠ¶æ€  0ï¼šç¦ç”¨   1ï¼šæ­£å¸¸',
  `dept_id` bigint(20) DEFAULT NULL COMMENT 'éƒ¨é—¨ID',
  `create_time` datetime DEFAULT NULL COMMENT 'åˆ›å»ºæ—¶é—´',
  PRIMARY KEY (`user_id`),
  UNIQUE KEY `username` (`username`)
) ENGINE=InnoDB AUTO_INCREMENT=6 DEFAULT CHARSET=utf8 COMMENT='ç³»ç»Ÿç”¨æˆ·';

/*Data for the table `sys_user` */

insert  into `sys_user`(`user_id`,`username`,`password`,`salt`,`email`,`mobile`,`status`,`dept_id`,`create_time`) values 
(1,'admin','e1153123d7d180ceeb820d577ff119876678732a68eef4e6ffc0b1f06a01f91b','YzcmCZNvbXocrsz9dm8e','root@renren.io','13612345678',1,1,'2016-11-11 11:11:11'),
(2,'zhoujy','633beefd43ed0c44d15f672b6d49003b962064e4c3f98c3c6618ba72ff0987e2','zHZUIwB7MDU2dO4PGzEy','zhoujunyi-110@163.com','18698677940',1,4,'2018-05-09 10:35:48'),
(5,'root','99f835258b09d8ea1bde259d7d53e3d08b585e6569105190b68c68132bfa57a9','WkuHaqPLpB8l2iaBhhlF','zhoujy3016@hotmail.com','15942869369',1,5,'2018-05-13 15:20:05');

/*Table structure for table `sys_user_role` */

DROP TABLE IF EXISTS `sys_user_role`;

CREATE TABLE `sys_user_role` (
  `id` bigint(20) NOT NULL AUTO_INCREMENT,
  `user_id` bigint(20) DEFAULT NULL COMMENT 'ç”¨æˆ·ID',
  `role_id` bigint(20) DEFAULT NULL COMMENT 'è§’è‰²ID',
  PRIMARY KEY (`id`)
) ENGINE=InnoDB AUTO_INCREMENT=7 DEFAULT CHARSET=utf8 COMMENT='ç”¨æˆ·ä¸è§’è‰²å¯¹åº”å…³ç³»';

/*Data for the table `sys_user_role` */

insert  into `sys_user_role`(`id`,`user_id`,`role_id`) values 
(5,2,1),
(6,5,2);

/*Table structure for table `tbl_info` */

DROP TABLE IF EXISTS `tbl_info`;

CREATE TABLE `tbl_info` (
  `info_id` int(11) NOT NULL AUTO_INCREMENT,
  `info_title` varchar(50) NOT NULL,
  `info_type` int(10) NOT NULL,
  `info_content` text,
  PRIMARY KEY (`info_id`),
  UNIQUE KEY `info_title` (`info_title`)
) ENGINE=InnoDB AUTO_INCREMENT=4 DEFAULT CHARSET=utf8;

/*Data for the table `tbl_info` */

insert  into `tbl_info`(`info_id`,`info_title`,`info_type`,`info_content`) values 
(1,'äº¤å‹ è‹±é›„ï¼Œåœ¨ä¹ è¿‘å¹³å¿ƒä¸­é‡é€¾åƒé’§',4,'ï¼ˆåŸæ ‡é¢˜ï¼šè‹±é›„ï¼Œåœ¨ä¹ è¿‘å¹³å¿ƒä¸­é‡é€¾åƒé’§ï¼‰\n\næ–°åç½‘è®°è€… ç‹å­æ™–\n\nã€å­¦ä¹ è¿›è¡Œæ—¶ã€‘&amp;ldquo;å¤©åœ°è‹±é›„æ°”ï¼Œåƒç§‹å°šå‡›ç„¶ã€‚&amp;rdquo;æ— æ•°è‹±é›„å…ˆçƒˆæ˜¯æˆ‘ä»¬æ°‘æ—çš„è„Šæ¢ã€‚ä¹ è¿‘å¹³æ€»ä¹¦è®°æœ‰ç€æ·±æ²‰çš„è‹±é›„æƒ…æ€€ï¼Œä»–å·å¬å…¨ç¤¾ä¼šéƒ½è¦å´‡å°šè‹±é›„ï¼Œæå«è‹±é›„ï¼Œå­¦ä¹ è‹±é›„ï¼Œå…³çˆ±è‹±é›„ã€‚æ–°åç¤¾ã€Šå­¦ä¹ è¿›è¡Œæ—¶ã€‹åŸåˆ›å“ç‰Œæ ç›®&amp;ldquo;è®²ä¹ æ‰€&amp;rdquo;ä»Šå¤©æ¨å‡ºæ–‡ç« ï¼Œä¸ºæ‚¨æ¢³ç†è§£è¯»ã€‚\n\nä¸€ä¸ªæœ‰å¸Œæœ›çš„æ°‘æ—ä¸èƒ½æ²¡æœ‰è‹±é›„ï¼Œä¸€ä¸ªæœ‰å‰é€”çš„å›½å®¶ä¸èƒ½æ²¡æœ‰å…ˆé”‹ã€‚\n\nåœ¨ä¸åŒæ—¶æœŸï¼Œä¸åŒåœºåˆï¼Œä¹ è¿‘å¹³æ€»ä¹¦è®°åå¤å¼ºè°ƒï¼Œè¦é“­è®°ä¸€åˆ‡ä¸ºä¸­åæ°‘æ—å’Œä¸­å›½äººæ°‘ä½œå‡ºè´¡çŒ®çš„è‹±é›„ä»¬ï¼Œå´‡å°šè‹±é›„ï¼Œæå«è‹±é›„ï¼Œå­¦ä¹ è‹±é›„ï¼Œå…³çˆ±è‹±é›„ï¼Œç›®çš„å°±æ˜¯å·å¬å…¨ä½“ä¸­åå„¿å¥³å‘æ‰¬è‹±é›„çš„ç²¾ç¥ï¼Œç»§æ‰¿è‹±é›„çš„äº‹ä¸šï¼Œå‹ åŠ›åŒå¿ƒã€ä¸æ‡ˆå¥‹æ–—ï¼\n\n<strong>&amp;ldquo;è¦å¿ƒæ€€å´‡æ•¬&amp;rdquo;&amp;mdash;&amp;mdash;è‹±é›„ä¹‹ååº„ä¸¥è€Œç¥åœ£</strong>\n\n2014å¹´ï¼Œæˆ‘å›½è®¾ç«‹äº†çƒˆå£«çºªå¿µæ—¥ã€ä¸­å›½äººæ°‘æŠ—æ—¥æˆ˜äº‰èƒœåˆ©çºªå¿µæ—¥å’Œå—äº¬å¤§å± æ€æ­»éš¾è€…å›½å®¶å…¬ç¥­æ—¥ã€‚å‡ å¹´æ¥ï¼Œä¹ è¿‘å¹³äº²è‡ªå‡ºå¸­ç›¸å…³çºªå¿µæ´»åŠ¨ï¼Œå‘äººæ°‘è‹±é›„æ•¬çŒ®èŠ±ç¯®ï¼Œæ·±åˆ‡ç¼…æ€€è‹±çƒˆä¸°åŠŸä¼Ÿç»©ã€‚\n\näº•å†ˆå±±é©å‘½çƒˆå£«é™µå›­ã€çº¢å†›é•¿å¾ä¼šå¸ˆçºªå¿µç¢‘ã€åä¸œé©å‘½çƒˆå£«é™µå›­ã€é‡‘å¯¨å¿é©å‘½çƒˆå£«çºªå¿µå¡”&amp;hellip;&amp;hellip;æ¯åˆ°é©å‘½è€åŒºï¼Œä¹ è¿‘å¹³ä¸€ä¸‹é£æœºå°±å‰å»ç»ä»°é©å‘½é—å€ï¼Œå‘é©å‘½è‹±çƒˆè¡¨è¾¾æ— é™è¿½æ€ã€‚\n\nä¹ è¿‘å¹³è¯´è¿‡ï¼Œ&amp;ldquo;ä¸è¦è®©è‹±é›„æ—¢æµè¡€åˆæµæ³ª&amp;rdquo;ã€‚è¿™å‡ å¹´ï¼Œå»ºç«‹å¥å…¨å…šå’Œå›½å®¶åŠŸå‹‹è£èª‰è¡¨å½°åˆ¶åº¦çš„æ„è§ã€è‹±é›„çƒˆå£«ä¿æŠ¤æ³•ç›¸ç»§å‡ºå°ã€æ–½è¡Œã€‚\n\nè‹±é›„ï¼Œåœ¨ä¹ è¿‘å¹³å¿ƒä¸­é‡é€¾åƒé’§ã€‚\n\næ­£æ˜¯å› ä¸ºä»–ä»¬çš„æµ´è¡€å¥‹æ–—å’Œè‹±å‹‡ç‰ºç‰²ï¼Œæˆ‘ä»¬çš„å›½å®¶æ‰æœ‰äº†ä»Šå¤©çš„ç‹¬ç«‹è‡ªä¸»ï¼Œæˆ‘ä»¬çš„æ°‘æ—æ‰æœ‰äº†ä»Šå¤©çš„å‘å±•ç¹è£ï¼Œæˆ‘ä»¬çš„äººæ°‘æ‰æœ‰äº†ä»Šå¤©çš„å¹¸ç¦ç”Ÿæ´»ã€‚\n\n&amp;ldquo;è¯šæ—¢å‹‡å…®åˆä»¥æ­¦ï¼Œç»ˆåˆšå¼ºå…®ä¸å¯å‡Œã€‚èº«æ—¢æ­»å…®ç¥ä»¥çµï¼Œé­‚é­„æ¯…å…®ä¸ºé¬¼é›„ã€‚&amp;rdquo;ä¹ è¿‘å¹³å¼•ç”¨å±ˆåŸã€Šä¹æ­Œã€‹ä¸­çš„æ…·æ…¨æ¿€æ‰¬è¯—å¥ï¼Œå¤§åŠ›èµé¢‚è‹±é›„ï¼Œå‘ä»–ä»¬è¡¨è¾¾ç”±è¡·çš„æ•¬æ„ã€‚\n\næ—¶ä»£å˜è¿ã€æ²§æµ·æ¨ªæµï¼Œä»–ä»¬çš„åŠŸç»©ä¸ä¸–é•¿å­˜ï¼Œä»–ä»¬çš„åå­—ä¹Ÿä¸å®¹å¿˜å´ã€‚è¦é“­è®°å†å²ï¼Œå°Šå´‡è‹±é›„ï¼Œä¹ è¿‘å¹³æ®·æ®·å˜±æ‰˜ï¼Œè¯­é‡å¿ƒé•¿ã€‚\n\nä»–å¯¹å°‘å¹´å„¿ç«¥è¯´ï¼Œè¦å­¦ä¹ è‹±é›„äººç‰©ã€å…ˆè¿›äººç‰©ã€ç¾å¥½äº‹ç‰©ï¼Œåœ¨å­¦ä¹ ä¸­å…»æˆå¥½çš„æ€æƒ³å“å¾·è¿½æ±‚ã€‚è¦ä»è‡ªå·±åšèµ·ã€ä»èº«è¾¹åšèµ·ã€ä»å°äº‹åšèµ·ï¼Œä¸€ç‚¹ä¸€æ»´ç§¯ç´¯ï¼Œå…»æˆå¥½æ€æƒ³ã€å¥½å“å¾·ã€‚\n\nä»–å¯¹é©å‘½å†›äººè¯´ï¼Œå†å²ä¸èƒ½å¿˜è®°ï¼Œå†›äººçš„è‹±å‹‡ç‰ºç‰²è¡Œä¸ºæ°¸è¿œå€¼å¾—å°Šé‡å’Œçºªå¿µã€‚æœ‰äº›äººåˆ»æ„æŠ¹é»‘æˆ‘ä»¬çš„è‹±é›„äººç‰©ï¼Œæ­ªæ›²æˆ‘ä»¬çš„å…‰è¾‰å†å²ï¼Œè¦å¼•èµ·æˆ‘ä»¬é«˜åº¦è­¦è§‰ã€‚\n\nä»–å¯¹æ–‡è‰ºå·¥ä½œè€…è¯´ï¼Œå¯¹ä¸­åæ°‘æ—çš„è‹±é›„ï¼Œè¦å¿ƒæ€€å´‡æ•¬ï¼Œæµ“å¢¨é‡å½©è®°å½•è‹±é›„ã€å¡‘é€ è‹±é›„ï¼Œè®©è‹±é›„åœ¨æ–‡è‰ºä½œå“ä¸­å¾—åˆ°ä¼ æ‰¬ï¼Œç»ä¸åšäºµæ¸ç¥–å…ˆã€äºµæ¸ç»å…¸ã€äºµæ¸è‹±é›„çš„äº‹æƒ…ã€‚\n\n&amp;hellip;&amp;hellip;\n\nåœ¨ä¹ è¿‘å¹³å¿ƒä¸­ï¼Œè‹±é›„ï¼Œåº„ä¸¥è€Œç¥åœ£ã€‚\n\n<strong>&amp;ldquo;ç²¾å¿ æŠ¥å›½&amp;rdquo;&amp;mdash;&amp;mdash;å°†è‹±é›„ä¹‹é­‚æ³¨å…¥è¡€è„‰</strong>\n\n2015å¹´9æœˆ2æ—¥ï¼Œä¹ è¿‘å¹³åœ¨é¢å‘&amp;ldquo;ä¸­å›½äººæ°‘æŠ—æ—¥æˆ˜äº‰èƒœåˆ©70å‘¨å¹´&amp;rdquo;çºªå¿µç« ä»ªå¼ä¸Šå‘è¡¨äº†é‡è¦è®²è¯ï¼ŒæŒ‡å‡ºåœ¨æ³¢æ¾œå£®é˜”çš„ä¸­å›½äººæ°‘æŠ—æ—¥æˆ˜äº‰ä¸­ï¼Œåƒåƒä¸‡ä¸‡çš„æŠ—æˆ˜è‹±é›„æŠ›å¤´é¢…ã€æ´’çƒ­è¡€ï¼Œä¸ºæˆ˜äº‰èƒœåˆ©ä½œå‡ºäº†é‡å¤§è´¡çŒ®ï¼Œä¸ºé“¸å°±ä¼Ÿå¤§çš„æŠ—æˆ˜ç²¾ç¥ä½œå‡ºäº†é‡å¤§è´¡çŒ®ã€‚\n\nä¹ è¿‘å¹³å°†ä¼Ÿå¤§çš„æŠ—æˆ˜ç²¾ç¥å½’çº³ä¸º&amp;ldquo;å¤©ä¸‹å…´äº¡ã€åŒ¹å¤«æœ‰è´£çš„çˆ±å›½æƒ…æ€€&amp;rdquo;&amp;ldquo;è§†æ­»å¦‚å½’ã€å®æ­»ä¸å±ˆçš„æ°‘æ—æ°”èŠ‚&amp;rdquo;&amp;ldquo;ä¸ç•å¼ºæš´ã€è¡€æˆ˜åˆ°åº•çš„è‹±é›„æ°”æ¦‚&amp;rdquo;ï¼Œä»¥åŠ&amp;ldquo;ç™¾æŠ˜ä¸æŒ ã€åšå¿ä¸æ‹”çš„å¿…èƒœä¿¡å¿µ&amp;rdquo;ã€‚\n\næ¦‚æ‹¬ä¸º4ä¸ªå­—ï¼Œå°±æ˜¯&amp;ldquo;ç²¾å¿ æŠ¥å›½&amp;rdquo;ã€‚\n\nçºµè§‚æŠ—æ—¥æˆ˜äº‰14å¹´æ³¢æ¾œå£®é˜”çš„å†ç¨‹ï¼Œä¹ƒè‡³ä»é¸¦ç‰‡æˆ˜äº‰å¼€å§‹çš„ä¸€éƒ¨ä¸­å›½è¿‘ä»£å²ï¼Œå°±æ˜¯æµ·å†…å¤–ä¸­åå„¿å¥³å…±åŒè°±å†™çš„æƒŠå¤©åœ°ã€æ³£é¬¼ç¥çš„çˆ±å›½ä¸»ä¹‰ç¯‡ç« ã€‚\n\nä»1840å¹´èµ·ï¼Œæ— æ•°ä»äººå¿—å£«ä¸æ‡ˆæŠ—äº‰ã€å±¡è´¥å±¡æˆ˜ï¼Œå”¯ä¸€çš„ç›®çš„å°±æ˜¯æ•‘å›½æ•‘æ°‘ã€‚1921å¹´ï¼Œä¸­å›½å…±äº§å…šè¯ç”Ÿï¼Œæ›´æ˜¯ä¹‰æ— åé¡¾åœ°ä¸¾èµ·äº†ä¸ºä¸­å›½äººæ°‘è°‹å¹¸ç¦ï¼Œä¸­åæ°‘æ—è°‹å¤å…´çš„ä¼Ÿå¤§æ——å¸œã€‚\n\nåƒåƒä¸‡ä¸‡è‹±é›„å…ˆçƒˆå‰èµ´åç»§ï¼Œä¸ºçš„æ˜¯ä¸­åæ°‘æ—ç‹¬ç«‹å’Œè§£æ”¾ï¼Œä¸ºçš„æ˜¯ä¸­åæ°‘æ—æ‘†è„±å¤–æ¥æ®–æ°‘ç»Ÿæ²»å’Œä¾µç•¥ï¼Œä¸ºçš„æ˜¯ä¸­åæ°‘æ—æŒæ¡è‡ªå·±å‘½è¿ã€å¼€åˆ›å›½å®¶å‘å±•æ–°è·¯ã€‚\n\n&amp;ldquo;ç²¾å¿ æŠ¥å›½&amp;rdquo;å°±æ˜¯è‹±é›„ä¹‹é­‚ã€‚å­¦ä¹ è‹±é›„ï¼Œå°±å¿…é¡»æŠŠ&amp;ldquo;ç²¾å¿ æŠ¥å›½&amp;rdquo;åŒ–ä¸ºè¡ŒåŠ¨ã€‚\n\nå‡ åå¹´å‰ï¼Œä¹ è¿‘å¹³è¿˜åœ¨äº”å…­å²æ—¶ï¼Œæ¯äº²ç»™ä»–ä¹°äº†ã€Šå²³é£ä¼ ã€‹ã€Šå²³æ¯åˆºå­—ã€‹ç­‰å°äººä¹¦ã€‚ä¹ è¿‘å¹³å›å¿†è¯´ï¼š&amp;ldquo;ä¹°å›æ¥ä¹‹åï¼Œå¥¹å°±ç»™æˆ‘è®²ç²¾å¿ æŠ¥å›½ã€å²³æ¯åˆºå­—çš„æ•…äº‹ã€‚æˆ‘è¯´ï¼ŒæŠŠå­—åˆºä¸Šå»ï¼Œå¤šç–¼å•Šï¼æˆ‘æ¯äº²è¯´ï¼Œæ˜¯ç–¼ï¼Œä½†å¿ƒé‡Œé“­è®°ä½äº†ã€‚&amp;lsquo;ç²¾å¿ æŠ¥å›½&amp;rsquo;å››ä¸ªå­—ï¼Œæˆ‘ä»é‚£ä¸ªæ—¶å€™ä¸€ç›´è®°åˆ°ç°åœ¨ï¼Œå®ƒä¹Ÿæ˜¯æˆ‘ä¸€ç”Ÿè¿½æ±‚çš„ç›®æ ‡ã€‚&amp;rdquo;\n\nçš„ç¡®ï¼Œè®©è‹±é›„ç²¾ç¥èå…¥è¡€è„‰ï¼Œæ‰èƒ½ä¸æ–­æ¿€å‘å‰è¡ŒåŠ›é‡ã€‚\n\n&amp;ldquo;æˆ‘ä»¬è¦å‘æ‰¬å…‰è£ä¼ ç»Ÿã€ä¼ æ‰¿çº¢è‰²åŸºå› ï¼Œä¸å¿˜åˆå¿ƒã€ç»§ç»­å‰è¿›ï¼ŒåŠªåŠ›åœ¨åšæŒå’Œå‘å±•ä¸­å›½ç‰¹è‰²ç¤¾ä¼šä¸»ä¹‰ä¼Ÿå¤§è¿›ç¨‹ä¸­åˆ›é€ æ— æ„§äºæ—¶ä»£ã€æ— æ„§äºäººæ°‘ã€æ— æ„§äºå…ˆè¾ˆçš„ä¸šç»©ã€‚è¿™æ˜¯æˆ‘ä»¬å¯¹è€ä¸€è¾ˆé©å‘½å®¶æœ€å¥½çš„çºªå¿µã€‚&amp;rdquo;ä¹ è¿‘å¹³å‘å‡ºé“¿é”µæœ‰åŠ›çš„å·å¬ã€‚\n\nåªæœ‰è‚©è´Ÿèµ·å†å²é‡ä»»ï¼Œä¸æ–­å–å¾—ä¸­åæ°‘æ—ä¼Ÿå¤§å¤å…´çš„æ–°æˆå°±ï¼Œæ‰èƒ½å‘Šæ…°æ‰€æœ‰ä¸ºå›½å®¶å’Œæ°‘æ—è€Œç‰ºç‰²çš„å…ˆçƒˆå’Œè‹±çµã€‚\n\n<strong>&amp;ldquo;æ¯‹æ”¹è‹±é›„æ„æ°”&amp;rdquo;&amp;mdash;&amp;mdash;è‹±é›„ç²¾ç¥æ°¸ä¸è¿‡æ—¶</strong>\n\n&amp;ldquo;æ€å›å¤œå¤œï¼Œè‚èƒ†é•¿å¦‚æ´—&amp;hellip;&amp;hellip;&amp;rdquo;ä¹ è¿‘å¹³çš„ä¸€é¦–ã€Šå¿µå¥´å¨‡&amp;middot;è¿½æ€ç„¦è£•ç¦„ã€‹ï¼Œä¸‡å£ä¼ è¯µã€‚å¯¹äº&amp;ldquo;å¿å§”ä¹¦è®°çš„æ¦œæ ·&amp;rdquo;ç„¦è£•ç¦„ï¼Œæ•°åå¹´æ¥ï¼Œä¹ è¿‘å¹³ä¸€ç›´æ»¡æ€€æ•¬æ„ã€‚ä»–è¯´è¿‡ï¼Œ&amp;ldquo;æˆ‘ä»¬è¿™ä¸€ä»£äººï¼Œæ˜¯æ·±å—ç„¦è£•ç¦„åŒå¿—çš„äº‹è¿¹æ•™è‚²æˆé•¿èµ·æ¥çš„&amp;rdquo;ã€‚\n\n2014å¹´3æœˆï¼Œä¹ è¿‘å¹³åœ¨å…°è€ƒå¼ºè°ƒï¼Œç„¦è£•ç¦„ç²¾ç¥åŒäº•å†ˆå±±ç²¾ç¥ã€å»¶å®‰ç²¾ç¥ã€é›·é”‹ç²¾ç¥ç­‰é©å‘½ä¼ ç»Ÿå’Œä¼Ÿå¤§ç²¾ç¥ä¸€æ ·ï¼Œè¿‡å»æ˜¯ã€ç°åœ¨æ˜¯ã€å°†æ¥ä»ç„¶æ˜¯æˆ‘ä»¬å…šçš„å®è´µç²¾ç¥è´¢å¯Œï¼Œæˆ‘ä»¬è¦æ°¸è¿œå‘ä»–å­¦ä¹ ã€‚\n\n&amp;ldquo;æš®é›ªæœéœœï¼Œæ¯‹æ”¹è‹±é›„æ„æ°”ï¼&amp;rdquo;è¿™æ˜¯ä¹ è¿‘å¹³å¯¹åƒåƒä¸‡ä¸‡å…±äº§å…šå‘˜çš„æœŸæœ›ã€‚\n\n2017å¹´12æœˆï¼Œä¹ è¿‘å¹³æ¥åˆ°ç¬¬71é›†å›¢å†›æŸæ—…è§†å¯Ÿï¼Œæ¥åˆ°è‹±é›„ç‹æ°ç”Ÿå‰æ‰€åœ¨çš„è¿é˜Ÿã€‚\n\nåœ¨ç‹æ°ç‰ºç‰²æ—¶é—ç•™çš„è¡€è¡£å’Œé’¢ç¬”æ®‹ç‰‡å‰ï¼Œä¹ è¿‘å¹³æ„Ÿæ…¨åœ°è¯´ï¼š&amp;ldquo;æˆ‘å°æ—¶å€™å°±çŸ¥é“ç‹æ°çš„æ•…äº‹ï¼Œç‹æ°æ˜¯æˆ‘å¿ƒç›®ä¸­çš„è‹±é›„ï¼&amp;rdquo;\n\nä¹ è¿‘å¹³å¯¹å®˜å…µä»¬è¯´ï¼Œç‹æ°&amp;ldquo;åœ¨è£èª‰ä¸Šä¸ä¼¸æ‰‹ï¼Œåœ¨å¾…é‡ä¸Šä¸ä¼¸æ‰‹ï¼Œåœ¨ç‰©è´¨ä¸Šä¸ä¼¸æ‰‹&amp;rdquo;ï¼Œè¿™&amp;ldquo;ä¸‰ä¸ä¼¸æ‰‹&amp;rdquo;æ˜¯ä¸€é¢é•œå­ï¼Œå…±äº§å…šå‘˜éƒ½è¦å¥½å¥½ç…§ç…§è¿™é¢é•œå­ã€‚\n\n&amp;hellip;&amp;hellip;\n\nåœ¨ä¹ è¿‘å¹³å¿ƒä¸­ï¼Œè‹±é›„ç²¾ç¥æ°¸ä¸è¿‡æ—¶ï¼Œæ°¸è¿œéƒ½æ˜¯æˆ‘ä»¬ä¸æ–­å¼€æ‹“å‰è¿›çš„å‹‡æ°”å’ŒåŠ›é‡æ‰€åœ¨ã€‚\n\n2016å¹´10æœˆ21æ—¥ï¼Œåœ¨çºªå¿µçº¢å†›é•¿å¾èƒœåˆ©80å‘¨å¹´å¤§ä¼šä¸Šï¼Œä¹ è¿‘å¹³åŠ¨æƒ…åœ°è¯´ï¼š&amp;ldquo;åœ¨çº¢ä¸€æ–¹é¢å†›äºŒä¸‡äº”åƒé‡Œçš„å¾é€”ä¸Šï¼Œå¹³å‡æ¯300ç±³å°±æœ‰ä¸€åçº¢å†›ç‰ºç‰²ã€‚é•¿å¾è¿™æ¡çº¢é£˜å¸¦ï¼Œæ˜¯æ— æ•°çº¢å†›çš„é²œè¡€æŸ“æˆçš„ã€‚&amp;rdquo;\n\né•¿å¾è·¯ä¸Šï¼Œè‹±é›„çš„çº¢å†›æ­£æ˜¯é ç€é“çš„ç²¾ç¥è·¨è¶Šäº†&amp;ldquo;é›ªå±±&amp;rdquo;&amp;ldquo;è‰åœ°&amp;rdquo;ï¼Œå¾æœäº†&amp;ldquo;å¨„å±±å…³&amp;rdquo;&amp;ldquo;è…Šå­å£&amp;rdquo;ã€‚\n\nä»Šå¤©ï¼Œæˆ‘ä»¬è¿™ä¸€ä»£äººæ­£èµ°åœ¨è‡ªå·±çš„é•¿å¾è·¯ä¸Š&amp;mdash;&amp;mdash;å»å®ç°ä¸­åæ°‘æ—ä¼Ÿå¤§å¤å…´çš„ä¸­å›½æ¢¦ï¼Œä¸è®ºæˆ‘ä»¬çš„äº‹ä¸šå‘å±•åˆ°å“ªä¸€æ­¥ï¼Œä¸è®ºæˆ‘ä»¬å–å¾—äº†å¤šå¤§æˆå°±ï¼Œè¿™ç¬”å®è´µçš„ç²¾ç¥è´¢å¯Œéƒ½ä¸èƒ½ä¸¢æ‰ï¼Œè‹±é›„ç²¾ç¥æ°¸è¿œéƒ½æ˜¯ç…§äº®æˆ‘ä»¬å‰è·¯çš„ç¯å¡”ã€‚\n'),
(2,'ç‰¹æœ—æ™®:ä»å¸Œæœ›ç¾æœé¢†å¯¼äººä¼šæ™¤èƒ½åœ¨6æœˆ12æ—¥ä¸¾è¡Œ',3,'ï¼ˆåŸæ ‡é¢˜ï¼šç‰¹æœ—æ™®ï¼š6æœˆ12æ—¥ä¸¾è¡Œæœç¾é¦–è„‘ä¼šæ™¤è®¡åˆ’ä¸å˜ï¼‰\n\nç‰¹æœ—æ™®26æ—¥å½“æ™šåœ¨ç¾å›½ç™½å®«å¯¹è®°è€…è¡¨ç¤ºï¼Œç›®å‰å…³äºç¾æœé¢†å¯¼äººä¼šæ™¤çš„ç›¸å…³å‡†å¤‡è¿›è¡Œå¾—&amp;ldquo;éå¸¸é¡ºåˆ©&amp;rdquo;ã€‚ç¾æ–¹ä»å¸Œæœ›ä¼šæ™¤èƒ½äº6æœˆ12æ—¥åœ¨æ–°åŠ å¡ä¸¾è¡Œï¼Œ&amp;ldquo;è¿™ä¸€ç‚¹æ²¡æœ‰æ”¹å˜&amp;rdquo;ã€‚ å½“å¤©æ—©äº›æ—¶å€™ï¼Œç™½å®«å‘å¸ƒå£°æ˜è¯´ï¼Œä¸ºç¾æœé¢†å¯¼äººä¼šæ™¤åšå‡†å¤‡çš„ç™½å®«å…ˆé£å›¢é˜Ÿå°†æŒ‰åŸè®¡åˆ’å‰å¾€æ–°åŠ å¡ã€‚\n\nã€ç¯çƒç½‘ç»¼åˆæŠ¥é“ã€‘æ³•æ–°ç¤¾27æ—¥æŠ¥é“ï¼Œç¾å›½æ€»ç»Ÿç‰¹æœ—æ™®è¡¨ç¤º6æœˆ12æ—¥ä¸¾è¡Œæœç¾é¦–è„‘ä¼šæ™¤è®¡åˆ’ä¸å˜ã€‚\n');

/*Table structure for table `tbl_person` */

DROP TABLE IF EXISTS `tbl_person`;

CREATE TABLE `tbl_person` (
  `person_id` int(10) unsigned zerofill NOT NULL AUTO_INCREMENT,
  `person_name` varchar(20) DEFAULT NULL,
  `nationality` int(11) DEFAULT NULL,
  `area` int(11) DEFAULT NULL,
  `remark` varchar(50) DEFAULT NULL,
  `telephone` varchar(11) DEFAULT NULL,
  PRIMARY KEY (`person_id`),
  UNIQUE KEY `person_name` (`person_name`)
) ENGINE=InnoDB AUTO_INCREMENT=12 DEFAULT CHARSET=utf8;

/*Data for the table `tbl_person` */

insert  into `tbl_person`(`person_id`,`person_name`,`nationality`,`area`,`remark`,`telephone`) values 
(0000000001,'å‘¨éªè¯‘',1,3,'é¢„å¤‡å…šå‘˜','18698677940'),
(0000000002,'æå³°',1,1,'ä¸œåŒ—å‡¯äºšCEO',NULL),
(0000000003,'å¼ å…´å“²',1,2,'å¤§è¿å…šå§”ä¹¦è®°',NULL),
(0000000004,'æ—æ–Œ',1,1,'ä¸œåŒ—å‡¯äºšCEO',NULL),
(0000000005,'åŒ…æ™—',2,1,'ä¸œåŒ—è¿›å£é£Ÿå“æ€»ä»£ç†',NULL),
(0000000006,'æ›¹äº®',1,1,'ç”µç½‘æ€»ç»ç†',NULL),
(0000000009,'å‘¨ä»æ¥',1,1,'ä¸œåŒ—ç¯ä¿æ€»ç»ç†',NULL),
(0000000010,'äºå ç¦',1,2,'è¥¿å²—æ‰›æŠŠå­',NULL),
(0000000011,'ç‹é‡‘å®‡',1,2,'æ•™è‚²æŠ€æœ¯ä¸­å¿ƒCTO','18942563337');

/*!40101 SET SQL_MODE=@OLD_SQL_MODE */;
/*!40014 SET FOREIGN_KEY_CHECKS=@OLD_FOREIGN_KEY_CHECKS */;
/*!40014 SET UNIQUE_CHECKS=@OLD_UNIQUE_CHECKS */;
/*!40111 SET SQL_NOTES=@OLD_SQL_NOTES */;
